periodo,TLP,TLPu,TLPr,TLP1,TLP2,TLP3,TLP4,TLP5,TLP6,TLP7,TLP8,TLP9,TLP10,TLP11,TLP12,TLP13,TLP14,TLP15,TLP16,TLP17,TLP18,TLP19,TLP20,TLP21,TLP22,TLP23,TLP24,TLP25,TLP26,TLP27,TLP28,TLP29,TLP30,TLP31,TLP32,ingpcx1,ingpcx2,ingpcx3,ingpcx4,ingpcx5,ingpcx6,ingpcx7,ingpcx8,ingpcx9,ingpcx10,ingpcx11,ingpcx12,ingpcx13,ingpcx14,ingpcx15,ingpcx16,ingpcx17,ingpcx18,ingpcx19,ingpcx20,ingpcx21,ingpcx22,ingpcx23,ingpcx24,ingpcx25,ingpcx26,ingpcx27,ingpcx28,ingpcx29,ingpcx30,ingpcx31,ingpcx32,ingpcx0,ingpcdef1,ingpcdef2,ingpcdef3,ingpcdef4,ingpcdef5,ingpcdef6,ingpcdef7,ingpcdef8,ingpcdef9,ingpcdef10,ingpcdef11,ingpcdef12,ingpcdef13,ingpcdef14,ingpcdef15,ingpcdef16,ingpcdef17,ingpcdef18,ingpcdef19,ingpcdef20,ingpcdef21,ingpcdef22,ingpcdef23,ingpcdef24,ingpcdef25,ingpcdef26,ingpcdef27,ingpcdef28,ingpcdef29,ingpcdef30,ingpcdef31,ingpcdef32,ingpcdef0,ingpc,ingpcdef
t105,34.783703657353,27.9913810966422,56.3419541268079,30.0800487797251,12.7651978485687,16.4619081395998,38.3653809295323,25.1807388671388,21.526756385198,65.8985993169347,23.8575188570564,20.6512893107808,40.3730395665131,33.2822105173077,55.4869815688828,42.0981781658901,27.7185064946015,29.5799683829325,38.8732636902705,37.0937648236968,30.8020513257465,14.3310089327559,55.8711644456054,46.5926191941993,31.3283389444548,20.6097499345318,43.7998915511545,21.6278425333042,22.7631591048372,40.8352841138149,28.0457626634264,41.5056253126586,46.1760762694895,41.9749881189164,50.3935393452834,1374.90035334032,2269.37161234439,2257.86076486575,1455.41571858919,1732.44105731686,1776.2905080592,689.337211665243,1711.22321675734,2091.32706138035,1164.164146623,1230.25082788138,847.181667566504,1101.9205838042,1551.79163809021,1331.36319400752,1180.63143342282,1211.4297702403,1395.80173819503,2207.45120363943,829.568280800747,1035.17692821581,1449.47720747735,2151.67694187804,1263.34488848729,1672.18686209293,1864.31916718294,1267.53641954307,1941.93674166035,1021.31755761472,1266.04007766428,1321.34471423794,967.41755657831,1429.05408288822,1832.00264668014,3022.84115638981,3008.20871271788,1938.88129450718,2307.46664454351,2366.07632505947,918.87521963295,2279.51363638865,2784.84920126908,1551.50335117022,1639.6100617612,1129.12386695361,1469.53042701028,2067.1522507723,1773.55205376672,1573.31261098944,1614.18981120618,1860.37032208267,2939.78989942753,1106.12138511041,1379.18885151062,1931.41827510073,2865.73064167277,1683.39904668411,2228.21449066159,2483.5072311897,1689.7596279382,2586.43426620788,1361.06734809451,1687.13343576837,1760.17172841947,1289.17323942327,1903.8683835185,1429.05408288822,1903.8683835185
t205,36.4207838391295,29.4790654089443,58.6470581880551,30.3780743251707,12.7844569317459,16.374665171619,39.0182120444527,27.2278241967906,21.1905245892447,67.0530967471056,23.6677987200865,22.4195580901055,40.6819351335964,35.0063141057552,58.066768436558,46.4217014394843,27.1486946162672,32.2103893517402,39.545797758862,38.6347429436488,35.5805247465457,14.6646602283024,59.6158228641045,49.57460684647,32.4540909434762,21.2463537232854,44.9769117748503,25.8441053394086,21.9743530330263,41.0266985886461,31.617313870766,43.5927178249293,47.4418142889784,43.7996157827962,48.9114634557998,1452.73458003784,2339.72801532109,2340.97981101663,1495.95536742527,1838.60086478203,1859.91811529187,700.517838464206,1808.8694238215,2110.55795763636,1156.83517668267,1214.78902014115,886.590378262748,1129.8026633673,1596.3774081827,1422.48605229479,1142.77314364421,1219.79130171504,1368.77271644239,2287.84622027634,846.833789562021,1016.92809825367,1522.00144543273,2136.58788062932,1251.45495059545,1693.56053395979,1820.94937656954,1280.58045241351,1744.43294560052,1069.71389915146,1044.1112950687,1337.97876332678,1021.60793332255,1438.64231158655,1939.91472749079,3122.14283844118,3125.98649832124,1996.68318191749,2453.14220899558,2481.97354863137,936.259355262802,2413.86175305762,2814.7500634179,1545.45068502654,1622.47750190757,1184.09956615253,1511.11619611329,2130.68422378653,1898.50374989864,1526.32452007476,1628.46226020595,1828.54138123202,3051.85972684448,1132.05650650917,1357.83331178678,2032.57774151514,2850.5277703957,1671.1224581653,2261.49251230348,2430.46679995195,1711.87159669426,2327.68483108019,1428.7835986224,1395.09178961454,1785.42433644222,1364.78853830607,1920.47100797815,1438.64231158655,1920.47100797815
t305,35.7982360121283,28.8734874697901,57.9062257537496,30.3696750649168,13.4839403731043,15.3271947758689,40.2025419696867,25.3571461076901,20.5231673827615,65.6562067069819,23.3536396516866,21.9396198582549,39.8542379721586,36.4192395795323,57.3385159845018,42.4607693085987,28.9640079654009,30.1657244842913,43.1963832589291,39.3249757003837,35.2665217580593,15.6856556412062,57.6946188826332,48.4701882055374,31.6518561751152,21.6977177203336,44.9693185213866,26.2809663617081,23.6532295547207,38.1082571771327,27.9984641401452,44.0274909714513,46.211353742565,43.1308097275098,46.8144905044175,1510.49954053793,2395.94812092394,2363.13246849349,1512.35486278487,1767.65481805443,1920.69360948118,725.834289609676,1874.20005755598,2118.85982674321,1211.25186588505,1191.77891744614,883.313255220713,1084.60000634372,1616.02050706319,1465.50532452865,1145.45221525867,1260.62573292114,1340.30624172412,2344.00618817684,838.494488414898,1066.66497203157,1562.1776683656,2319.57814757145,1255.1007632452,1730.51666217161,1833.09568184179,1343.30252788944,1795.58032474919,1070.02273939929,1047.93715604189,1341.13666208838,1040.87350351916,1463.24105301427,2029.25358426017,3216.0240045636,3173.79061695945,2030.33938810648,2372.03417328178,2577.79296059885,977.416592082166,2516.60859820483,2840.82434528031,1628.4968342601,1602.60969474167,1187.23716334668,1462.37003273737,2169.32446662825,1967.21098811178,1539.67413723584,1693.64603155524,1803.1915355666,3143.83242212444,1129.37515965183,1433.58522922094,2100.13198820255,3112.24460986348,1686.57335393148,2324.90462564235,2461.15263885327,1808.3602225968,2409.40792350838,1438.58417941235,1410.27740263762,1799.98071480515,1400.10265939025,1965.23404888931,1463.24105301427,1965.23404888931
t405,33.6707262596194,27.1502922849711,54.3878203190705,27.2921589944903,12.1902161495656,13.081492510103,36.687358224111,24.0583306021275,21.6695811417399,66.4473175851754,22.3660464630367,19.1084782312457,36.7571329336344,33.4258784593466,55.4163265683282,42.673448412472,27.8292205376687,28.6962863492369,38.2456888787767,34.6785201352986,32.0647321311472,15.4225753392024,54.702991396947,45.4139948834775,28.3484427974761,20.2009525393598,43.0434115788397,22.2479165142537,21.9794244858183,36.8206945455976,24.980841193246,40.9023307876216,43.0172480157718,41.0884039543516,41.6933067489446,1506.6564349281,2486.94916718122,2499.95958038346,1585.54897973567,1776.15855525044,1838.32929494947,713.834901764636,2083.29887526212,2328.72615085468,1259.7966617281,1280.92073822467,877.049841218995,1109.1765442347,1646.34597059586,1460.00461309771,1210.6252175706,1370.49946971893,1459.93842599442,2347.68935288207,881.193937536065,1104.39291444677,1614.15767105354,2372.77530372699,1335.76600888549,1890.3144821311,1919.05694976,1397.2248550831,2125.19985180176,1097.67835610275,1148.18198135833,1342.87774966049,1079.87600901721,1530.72043087756,2093.26866187718,3449.98149568391,3471.01312821503,2200.76600787102,2463.94661657524,2550.60413259831,993.456393011543,2889.81954641485,3227.09185514456,1751.34398114487,1781.04992989195,1218.92494947349,1545.99948125515,2284.59569214699,2026.40187663153,1682.49280641512,1903.4986965607,2030.98362172499,3254.65607550069,1227.33390637703,1534.1302804963,2243.29473877117,3290.64278445945,1855.70491603012,2626.32657426504,2664.08240253652,1945.30149432223,2947.50384708456,1526.21202112774,1597.37490287312,1863.16016072121,1502.41345047367,2125.30542536534,1530.72043087756,2125.30542536534
t106,34.3317931363875,27.4725454753674,56.1833722520534,29.2608332700918,13.5022139833574,15.0205830244019,39.0561009414977,25.3904369716682,21.3307637867392,65.5664561847914,19.8304963868643,19.6901479569794,38.9986076365778,35.3113620934395,55.1856003083064,45.3694180972111,24.987821426319,28.7709594464133,42.5030613870521,36.06699654548,32.3616897232467,14.6639217437963,59.6834578581801,48.3312136726085,30.1460066247442,18.9488481229049,41.3979065686402,20.1774257078091,20.8150068983859,35.7071648697962,26.0496748200466,43.1357534898991,43.44774074377,41.705037934376,49.5356644001687,1477.17285529982,2537.71616154539,2405.71825822204,1618.13933748006,1838.69748850959,1960.16487191585,747.628891799406,2015.27273654804,2310.62504395953,1277.18477950421,1259.88587233683,974.381551123032,1095.32152871908,1769.24238089471,1560.1114028001,1134.89004734153,1260.345482695,1449.04287069023,2398.9828765671,856.769733092186,1099.26134638236,1618.91672763737,2396.51654567822,1375.56632350294,1899.9873798152,2032.80779870842,1469.50004527137,1967.51005593875,1147.96517452963,1169.35662149867,1387.52300181131,1059.56605375685,1552.94193907232,1952.93310885255,3350.93479189136,3180.10099849996,2138.00433578902,2427.53339988777,2588.52615188571,990.343109953275,2661.04467244559,3047.96351571248,1689.77407645149,1667.28498255123,1289.03279030408,1452.84895957513,2336.78334471266,2060.72270621416,1501.20060676327,1666.38425213641,1918.4948362516,3165.68967531762,1135.09909775726,1453.55280100243,2141.04107013015,3163.86039909,1820.32720222734,2512.81524944184,2685.88808741303,1947.10003243333,2597.42516491176,1519.12357145252,1547.90727468343,1832.33940550603,1402.36179582909,2052.21519129071,1552.94193907232,2052.21519129071
t206,32.5783297537548,25.7834093006543,54.168179339672,27.1093583555355,12.2247184919368,12.3047715573375,36.8248689848609,22.9565211924906,17.2703539429891,66.2555734399797,17.8358787409408,20.3019589867882,35.5673976213538,32.0111050068474,53.6943290202406,42.4176848860419,26.3864401693248,25.5187316348335,37.1786619591336,35.140896201678,29.7606443971814,14.3456570515333,55.5284480926993,45.6955713530954,28.0133365532571,18.8244039612768,40.2277190472844,21.7440572119259,17.8697751859645,36.0365284206777,23.4812115596822,41.6834306394265,43.3389542952881,38.7296977022272,43.2073505192866,1566.04645960428,2626.93448101498,2716.92220671718,1693.47528550099,1850.46122770995,2043.00653007388,748.619848612645,2211.62718171974,2325.47139531755,1289.39789002334,1315.15045068003,978.768703081878,1169.47369480238,1795.56307462351,1531.06181120892,1244.1675496041,1306.1153424827,1527.41614490559,2432.49166583362,912.950140915633,1091.88827259361,1594.78518641209,2451.16728449528,1363.96812264085,1919.99102568343,2063.72346817482,1465.04825768673,2091.02004458049,1111.52284020449,1218.21294971738,1385.63396935729,1156.84744682699,1588.19434750836,2025.71663667838,3395.83659368262,3514.046740625,2189.7857172327,2391.95046691739,2641.17077557712,969.440751663586,2859.53126329206,3004.54681574401,1668.79884503071,1702.14787767197,1266.54762941946,1515.28053478309,2321.55161039623,1979.57196777993,1610.00590222497,1689.64839654781,1977.43143541243,3143.49486794008,1182.56619249526,1412.48639933589,2063.7588598415,3168.33752329485,1765.29143712796,2484.17139669489,2668.63235479589,1897.34309675665,2702.96235817908,1438.48020657318,1577.04458118876,1791.42626601141,1497.58677367864,2054.02858382519,1588.19434750836,2054.02858382519
t306,33.6682402885087,27.19480661329,54.2918318776021,26.8466807340793,12.6428944348162,12.9348459727301,36.7408481838067,23.3630188489681,19.346511259446,65.1058778697272,20.9618472728148,21.2826508413559,38.9594897589912,33.2519390180996,54.4576048082808,44.4231533646417,28.5295885487851,28.1144151472045,37.2413678299095,31.9489356605712,32.0515388278381,15.3916654725568,56.8384426459497,44.6985899876907,28.2162486496302,18.6036615458232,42.3441308082624,24.062107934232,23.0580256087591,34.1508446499863,23.5278715570396,43.7982050879411,43.6294609357886,38.8381894734795,43.4738719659062,1591.90497174314,2589.72895097666,2633.58653198271,1645.70878687714,2009.58090401893,2111.73342598524,754.349640505783,2145.28352555711,2457.09352670799,1332.84625626042,1324.90389615738,977.953602033321,1238.10809599351,1755.83482794074,1593.87157690506,1259.44234046879,1396.86008916246,1595.69742448922,2581.13339054789,878.123689618295,1142.41188883632,1680.13355338385,2761.71537074101,1407.4290685305,1877.97941457801,1983.14446508824,1594.58168050535,2093.53396642748,1135.54948129741,1245.55308379591,1510.4841338234,1162.83095784709,1627.00680148675,1968.6973002898,3204.1151787423,3257.22548073817,2035.79340303033,2486.42816705948,2612.6805174061,932.279884327604,2653.91838146928,3041.04037224533,1648.11098174152,1638.19517431467,1209.13440790698,1529.72599885771,2172.14820504241,1971.87476477058,1557.23546823226,1727.67863491432,1972.42158401971,3194.12192208437,1085.16653268063,1412.65696718622,2077.5079322345,3417.09429576434,1740.22437858253,2322.23407098566,2453.22160064862,1970.90061963207,2590.40673242525,1404.12875965374,1539.53644192159,1868.66300326468,1437.51276807501,2012.45132290682,1627.00680148675,2012.45132290682
t406,34.3418716977565,27.6821220209342,55.4977714874167,29.080173798646,14.5951647502377,11.262853470437,36.9491647142254,24.0776814658237,20.8970188109125,66.6803071110382,20.0375158535054,21.4520550151615,37.1230691288339,34.0596081062357,56.0065939495703,45.4393892687108,25.9064064408914,29.259166478285,38.3427218571456,33.1800781820246,29.333893783649,14.3016610233215,59.2429248727218,46.3445378616666,30.2066151722311,20.1522389184953,44.2092792707558,22.9146161972785,21.102461603198,33.4921691568774,25.4001061521379,43.7674632352941,47.0113854272299,38.8396535515058,43.9679027709882,1585.14464687641,2515.04794473615,3039.03841617492,1586.3652648844,1913.37772704221,2060.28021379651,775.690131905907,2065.46525509926,2414.50951559604,1350.88913530747,1379.12969081251,972.011612497396,1215.32722020562,1762.28544628878,1541.20145154452,1337.54928323428,1405.17207506772,1584.9342135295,2510.91643712509,873.632732977278,1155.9099563986,1729.22398119874,2595.33681830654,1356.47049950432,1908.86371564617,2097.84043163657,1616.05816001501,2290.65647237236,1102.79131709559,1239.13634262374,1450.05666629377,1227.5909402473,1623.20005314646,2077.71935952486,3294.23727838432,3982.72172970319,2078.61129212098,2505.92326799023,2698.76199357318,1017.71413790921,2706.09475037603,3160.89693658421,1771.35252414866,1808.2203181203,1274.62929686323,1595.22769268771,2308.81131080136,2019.11318999222,1753.44294460873,1841.68786872815,2078.75477581064,3287.86111176768,1146.55465825616,1515.23182516099,2267.07012984946,3399.3042475002,1778.16854909712,2502.68556711796,2748.52526701193,2120.49543835675,2999.91283667248,1446.11724120716,1625.33329106484,1899.56691237852,1610.27503760606,2127.05450591295,1623.20005314646,2127.05450591295
t107,35.1530759429407,28.411176107698,56.5276567878598,31.6088780482296,14.4583649615125,13.9911989983797,37.9155122442228,24.9284394056376,22.9505115187025,67.2362764981087,21.3627588120369,20.8328391871451,38.4077183585468,37.1896957803373,57.0805880287428,45.1556196390362,25.107946559794,31.7459897444537,39.5120941379016,35.6547665881242,31.3440738141436,15.6775072114852,59.9221303865911,45.5404751295676,30.659536181756,18.6146885454282,45.5526624148309,22.4074026604611,20.9190371991247,37.0228792837104,28.344680604591,42.8377895689478,45.6168414924972,40.1738339021616,45.4820105543565,1600.4853487361,2522.50713746694,2830.8153032479,1619.35760845823,2042.80700559329,2019.33245257657,831.384024624544,2103.05581966848,2572.95885790852,1327.24937035586,1410.04968345573,989.202964040989,1240.90260426817,1797.17067487671,1536.36407623089,1317.13034885339,1334.83232194399,1675.2113022747,2582.60306133335,879.802359438034,1166.78053172741,1696.6525868548,2656.41803061626,1319.23216553385,2000.71787053146,2032.39220677728,1575.20348615265,2030.03843032486,1179.84419307496,1238.99812511393,1531.12997497156,1212.44557497594,1641.49881303945,1966.94402565751,3098.93887538847,3478.62570284691,1989.77657216466,2509.56741461851,2480.93043414558,1022.33867623424,2583.95480078786,3160.17226974225,1631.42095718102,1733.29356059444,1216.2064192708,1526.33302775165,2208.17518102386,1887.67936251736,1618.98600012617,1640.52076187314,2059.71939759004,3172.37602732211,1082.05166968198,1434.09642902513,2085.45626719726,3263.60342528249,1621.48217040005,2459.1623339106,2497.31045150014,1936.97939996498,2493.90778557089,1450.27695520119,1523.49797826776,1881.23622733724,1490.69086154718,2017.17147956147,1641.49881303945,2017.17147956147
t207,33.1095836863594,26.5704680605945,53.8527150496703,29.0453034028364,12.4428450107251,13.3786689702071,36.2273749923992,23.3255324002424,20.1849687017868,61.6260322584734,20.1024088238138,20.3013583546153,36.8535022761971,34.959207366861,55.7838245219,42.1717603341231,23.7422320126891,28.8528876011755,38.6429788932366,32.6781324747086,30.4551802283107,13.3063265182348,56.7258192559461,44.3976328467986,28.125194733444,18.4541097124796,44.4370587978818,21.1615594654026,20.4536268771706,35.7405675700543,24.4444444444444,42.1223026847823,43.1844356995834,38.1774255501951,41.8933983370852,1648.00674202716,2635.19130452708,2853.58731735558,1671.26521930802,2019.51972033386,2084.54753862152,859.741837260575,2146.72007712064,2493.86615478182,1398.91354300981,1479.32412336706,968.882122465873,1263.08206684044,1895.62075040408,1617.54211514123,1332.67667410448,1487.23438947594,1656.69669560723,2556.14979897136,950.517696947005,1216.04801241426,1694.32081985591,2634.26981641806,1357.93144991119,2032.83599132538,2060.69131025803,1594.67397066196,2079.24142802821,1172.24943098862,1300.11548326917,1591.9114675115,1221.92979542988,1678.3269407565,2008.72079165397,3210.25573733483,3477.73786118468,2036.39721320308,2460.0566686321,2539.65431471197,1048.65819918849,2615.44368810868,3037.05656180374,1705.39598095676,1803.33733093759,1181.2961839819,1541.12175800823,2309.65948974578,1970.7815447072,1624.63753031496,1812.46349069425,2020.22744064185,3113.39267582336,1159.48654775193,1482.25169574096,2065.65355209045,3209.19863713961,1655.33556759044,2477.89800028092,2510.90914900086,1945.19704444121,2532.99338364598,1429.0933260027,1585.44090148301,1939.47983969997,1490.11311657224,2045.25639226305,1678.3269407565,2045.25639226305
t307,33.944458107676,27.4220934933721,54.461089064711,28.263893913965,13.5122319676794,10.526822845582,36.4522114314656,23.7508243330379,21.3099100244045,64.072136608139,20.4592826062331,20.7853268133227,37.9102412083143,34.782579651023,55.7854416201639,46.7614920597209,25.4815125513188,30.6229810730264,38.5146979684638,34.368885747387,32.1698254336549,13.9665766635256,55.5773694615718,43.9509377266698,29.794305330439,19.4806866501811,44.0711021631317,22.8596192091543,20.8913064740502,36.2490200096636,25.054792369577,42.9506135763289,44.6850418882197,38.3368882884649,41.1846767011898,1601.65703174785,2528.5466268488,3113.17277894635,1684.78104195007,2044.91459851846,2120.75137264735,833.817443838198,2391.19782136455,2512.21747049212,1384.31278642736,1403.91557683883,965.958867324292,1209.8994627285,1888.20101434165,1558.6138934261,1310.55851603691,1428.74013040951,1634.27636742968,2616.35818848915,915.123602998247,1202.61780284256,1706.79932495594,2630.36108153358,1421.58878607742,2038.7465853644,2110.87146108885,1585.29238164443,2124.99758613387,1170.48870382846,1266.36496470583,1463.19409042868,1257.76065274939,1670.44152136832,1905.25544596972,3006.81460484347,3702.69492251424,2003.73569729497,2431.63311095459,2521.89570504024,992.309222515845,2843.65387379807,2986.70700905174,1646.86581042856,1670.320614994,1149.30780288842,1440.19877148481,2245.63612062087,1853.63992903759,1559.19069042373,1699.37212206186,1944.49609868262,3110.82921132033,1089.26222534113,1430.55638484393,2030.53333847115,3127.84232604923,1691.05341672601,2425.34801770855,2510.53203983139,1886.73218496759,2527.0610746291,1392.56509867372,1506.86173193656,1740.17417920703,1496.82468010739,1986.83556680324,1670.44152136832,1986.83556680324
t407,33.1327755730666,26.6520742861624,53.5229262175169,29.3385829421365,13.915418841745,10.0099635143904,35.5200034213234,23.7659956354496,18.5579300677005,63.5095070156015,19.3859662601792,20.717207603039,32.4213771041778,33.432100960932,55.1794641964541,43.8174977758938,24.5811272384432,28.7368597024759,37.9450612680606,35.4165976999318,27.8541496955899,13.9247665940229,56.6647759972588,44.0878854402998,27.9093351135695,17.8331912538551,43.7037334612162,21.3427828554235,20.8435641579796,32.7285753895009,25.3778502803739,42.7881256355319,43.8669218706448,36.6692826036643,44.677711117046,1691.68887430664,2660.62143527563,3405.55880246358,1770.76350856714,2063.26470730665,2188.68215442358,877.46223643118,2178.50487020037,2536.08992190564,1534.36999039745,1408.1464634517,990.473257177593,1299.50451136366,1943.9102063172,1542.26031278233,1374.64198730016,1473.45077595853,1716.46055399563,2684.91281914662,909.970511378947,1197.19490543681,1671.99732773831,2699.12672269508,1389.92748796285,2054.76202500109,2081.17124137418,1651.31951009287,2168.49013470457,1212.02346944376,1314.7045821633,1576.09595824433,1234.57386538326,1694.27050457923,2049.10140655812,3223.73396329288,4125.45122660196,2145.35561654315,2500.0590875697,2651.85073060368,1062.3576367415,2639.35301302261,3073.52555120539,1858.38740160718,1705.37581038992,1199.50890041746,1572.95046514026,2355.15459232165,1868.43749435336,1664.89241044261,1784.91420307837,2078.54713698778,3253.58852932073,1101.61423932674,1450.17832664243,2024.98809509011,3270.40270524702,1683.44989948121,2488.70679512054,2521.31608115235,1999.12605790047,2627.34713904021,1467.99726413588,1591.9384478636,1909.59184389029,1494.81580839914,2052.43051737793,1694.27050457923,2052.43051737793
t108,33.1715143072173,26.8735564584182,53.0490541321997,27.4359371682076,13.0312115348894,12.0415021628824,33.2966622644677,24.4452664435428,18.4316348140717,62.5692627145758,19.5820257678806,19.1018165695733,36.7679437211277,35.8047419944669,53.7647999388524,44.3765949832551,23.005057565857,29.9987399215781,37.7317353916988,35.2851371644552,28.2959687829196,15.7420262402999,55.6116932447172,46.0124064708031,29.3165419807027,17.2010887837287,42.6142001781928,20.8030317689518,21.7982022150906,33.253304862116,22.3630712316035,45.6495995557087,42.3121921965441,36.4251455160691,48.242653337818,1769.8333832636,2672.26742589221,3369.98415693049,1856.83837894663,2026.61556369918,2283.78267527501,872.711956865809,2294.88560955478,2539.45429310215,1445.6197740684,1397.98793840123,1087.11415277285,1197.43252898513,1991.1396433713,1579.4136424662,1350.9338588983,1446.71080230932,1847.94223603713,2615.89595950125,994.23516182471,1209.0877944968,1662.45850356586,2882.57356625574,1406.40012876401,2050.2702317821,2214.27022909279,1727.47113144992,2152.69269347266,1202.24156958131,1346.83656826463,1581.16453787447,1143.2291687895,1714.72799928918,2037.85319248478,3075.32190916391,3879.0462095861,2137.34963839423,2332.22291901972,2628.44648215416,1005.49900202988,2641.35647950189,2921.59039622939,1664.93019042939,1609.96051604387,1252.25984605992,1380.16088758755,2291.71883580818,1817.88414554363,1555.7485356832,1665.36875753327,2128.22192990426,3009.95850383722,1145.8135184166,1392.18648108284,1914.50178509284,3317.50334139154,1619.54553489675,2361.13128806742,2548.7305540059,1990.43678989972,2477.56833994475,1384.40321948841,1551.66589601868,1819.8070492762,1316.83058358305,1974.02335543458,1714.72799928918,1974.02335543458
t208,32.8720205943225,26.6530991615951,52.3820397774452,28.9599157775279,12.0531261615383,11.4531213386814,34.1879209561649,22.898766614352,18.1376661368522,63.5477621650194,20.4145354246338,20.5049835909038,35.6518915164043,35.4196351293658,52.1510346694286,42.725300335057,23.2074002286331,30.2901286604905,36.0830994401633,34.5544799893108,27.9302003699536,15.6087356386818,54.0710740046914,44.7029633376542,27.9807870406706,15.8780348706,42.6578651758418,20.1525085898854,18.8891353983198,32.8989192475405,24.0477891777279,43.1963962791303,42.4226392946066,35.28968480298,46.3268253113571,1673.18282513403,2668.12595595949,3417.79928220927,1868.68378529033,1986.84292134251,2291.89079290371,894.385567307008,2229.14812017944,2440.34816219017,1505.66185676499,1371.68261445774,1086.57146823195,1275.17315090905,2044.21282509787,1653.04290415508,1503.8746020416,1392.78819735019,1776.73612848274,2598.67258445363,1018.1222545485,1204.71465263086,1727.93339601614,2888.39495349482,1455.38759817502,2059.65553326688,2251.54264830402,1722.91707932777,2208.16090822479,1236.3436686176,1329.55518260668,1588.87011726352,1225.27426041761,1729.62082922843,1887.90533528008,3009.66028859326,3855.83574165415,2108.13433316525,2241.10834631346,2585.41904449202,1009.5283313018,2514.69262967845,2752.14102518871,1699.19039529601,1548.00866077919,1226.25671625377,1439.76582114768,2306.00745861526,1864.83315535275,1697.06663612002,1571.48521044357,2005.19869660106,2930.95861389424,1149.52151931042,1359.32625834954,1949.93873140593,3258.10465811114,1642.27372189615,2324.27200655237,2540.04175177362,1944.91836895966,2490.89325287848,1395.09468742849,1500.69653715462,1792.33109694253,1382.96132146897,1951.41925567709,1729.62082922843,1951.41925567709
t308,35.7535778290733,29.5969206739049,55.2477255210483,31.4846542439117,15.7319396354238,12.1904742196217,35.8801333179065,27.3767791983645,17.6613707987696,63.91125832734,23.6236809864443,23.0876629183355,36.6276482233966,39.3309656054331,54.6886413511452,45.5548814588945,28.4611896514975,32.5635887199541,39.6686750556417,39.1025223780919,33.2208127748079,17.6076358319403,58.9909827482067,47.8099715911544,30.485378074104,18.1299569271383,44.5491842526999,25.5374197498814,23.2627226530375,35.1439413420106,27.2745086113225,48.19215767659,43.6634886237268,37.8489155220873,47.4941443453059,1699.04617487966,2614.0810242942,3143.89253965051,1823.86376343163,2008.32661846175,2362.48751504573,896.089240869893,2162.7468838692,2467.3048690484,1478.191006978,1361.24972009224,1059.03948971954,1304.83597396977,1914.57283646645,1627.78946806143,1419.35228026911,1395.23796389011,1792.96519409796,2639.32809126179,937.461071227189,1232.77254223549,1653.68041109095,2852.50925278554,1444.46943839669,2109.52736491162,2180.99744920578,1753.57142345599,2197.64563614635,1259.18190867885,1360.73058402354,1592.05814312987,1177.31681871622,1713.88694463606,1849.50323486156,2846.05637410431,3422.6487080441,1985.62064555538,2186.63375596192,2572.16001760287,975.26243535894,2354.62472186781,2686.65452958253,1608.93497095309,1481.69149794482,1152.69168423661,1419.85901170988,2084.4286678028,1772.1839792727,1544.96991296259,1518.8270787148,1951.46936747938,2873.83093260787,1020.15441738437,1341.96178057195,1799.99476187768,3105.72275294498,1572.37662171242,2296.33733404928,2374.49046688749,1908.30492205283,2392.7361326602,1370.64618607997,1480.91319842297,1733.30250278784,1281.39038443047,1865.79876625029,1713.88694463606,1865.79876625029
t408,37.3642077789996,31.486382759618,55.7436776762258,32.5899835836621,18.703442301909,14.6735465557599,38.1711877824405,27.8481547346626,19.4613682142591,65.6022839238086,27.7757008704719,24.964249839403,39.4918736917572,41.8827324145619,58.6040566251236,46.6378480738794,29.408998135183,33.0496477855852,38.8083396926858,42.0925624481394,30.314200303299,19.0937225708052,59.9079480770591,50.3722027194964,31.7419174297801,21.3887784398866,48.3541632986194,23.98721793615,24.8399978706274,36.773835179904,29.6920746827328,49.0819752617933,45.733744592654,39.5402243018901,48.2211777498775,1674.46214135202,2391.86231367928,3118.11317040965,1766.67542206318,1936.81813616052,2287.33497708038,893.455387058841,1965.15830086498,2488.37092900161,1427.60813078907,1320.14169983533,972.763069565064,1225.99209440267,1890.77283157898,1557.14062102228,1485.76671709659,1365.30075178083,1797.48032287291,2518.08122206245,928.007687284874,1267.90463094493,1680.1339144985,2556.77883311434,1434.5944675711,2092.01293987832,2024.99311709197,1678.98182840006,2126.69489713919,1158.78199443112,1359.69112793111,1568.97398238399,1175.68381997875,1666.27084796767,1972.79983974747,2815.99754026798,3672.40604339994,2080.44733394429,2279.92951883721,2693.13624895394,1053.52219437867,2313.81372707531,2927.85039888383,1682.48049521282,1555.77056116421,1146.30052468264,1446.79880031901,2226.29808888918,1833.56935551592,1750.83323955105,1608.62828189196,2118.88335307436,2963.60076608261,1094.79259259028,1494.32645602603,1980.15785579969,3009.66149231725,1690.25917111573,2465.0585063793,2384.59707103203,1980.77415272471,2503.63144183698,1365.52306982573,1603.35653984371,1847.35378369532,1386.25275139787,1962.63156036424,1666.27084796767,1962.63156036424
t109,37.2730661502888,31.4530772724115,55.3801122043771,38.4939736099016,18.8548323782225,15.0568087278943,36.7684331582846,30.1280734911425,19.5153936599652,62.9048669698249,31.7045385974893,26.3840692521375,39.7009302361017,41.262295821629,55.6368061688242,45.9540639192247,29.4860583707493,32.9377132012393,36.1510810077893,43.5780997876957,28.9354339331104,21.1669649576799,57.8701521745609,48.6903724297956,34.8003245815921,18.8542385261535,48.1473094772105,24.291356103724,26.6227904394975,35.5402782450702,29.5355362560519,51.1354896670488,45.0464598559266,39.3808675696149,51.2931570892824,1576.45626338021,2459.98289354223,3086.32969729451,1841.93791102658,1878.67630147333,2306.00426411906,940.750327953657,2057.8710906258,2447.62241298681,1427.94938682635,1368.7839668862,1054.66801676364,1288.19127224542,1849.60374262498,1682.56486300403,1515.48429042616,1359.1077694752,1882.04182088136,2438.3531195078,982.291762601283,1227.8192686347,1659.0138925019,2747.59489763827,1429.59220605972,2078.44827773797,2125.12443231339,1707.48632427556,2207.88324211034,1149.44922645335,1401.67376598817,1629.2558129472,1140.76233834485,1696.2095498674,1637.49997437138,2556.2829130471,3206.50729268327,1913.7112363779,1952.40320016706,2396.18206039233,976.68598677376,2138.12206249135,2544.29452645813,1482.91253047369,1421.45488893574,1095.2820566807,1336.78633814022,1921.81079608032,1748.29858716382,1573.71642472686,1411.79118148985,1954.2883912028,2534.23626006149,1019.61372316302,1275.25704810069,1723.11380246383,2855.13625603896,1484.91966520961,2158.67776934424,2208.04596186724,1772.33753277969,2294.4486463449,1193.96682645255,1455.29543270653,1692.9016627679,1184.56949461502,1762.13047702669,1696.2095498674,1762.13047702669
t209,38.7315878727966,32.8048790439804,57.2481664533464,36.7116892561596,19.1820992077013,14.6083755435814,39.903063873983,31.8942449945942,22.267118401681,64.1426950627254,33.1399139798954,27.0995961677645,40.6325827613282,42.9868542036254,58.2847084662743,49.5948993223498,29.6292279670447,34.4907307650383,39.8969161034731,40.8797116384653,29.513088022314,23.1811815438209,61.9177648643702,53.0556762375144,37.6836146647769,22.8486757972996,47.3162860056158,25.6611290233646,24.8012304328759,34.6827041142629,31.5635036917455,50.8989417131522,45.4279468431973,40.1619489052968,51.8758553132637,1606.15083720903,2467.32357652124,2952.86506185763,1782.467690843,1929.8609603146,2195.14815008441,921.836201355232,2058.31794108863,2554.80809114837,1416.47890472632,1313.62051622622,1029.46425778092,1293.78936804602,1865.89954994575,1729.97160192935,1490.12747353165,1452.01432547051,1882.85214050084,2457.99538617445,958.610635580918,1188.65884295019,1571.10912824095,2614.68851223208,1445.09241592657,2097.37926514375,2130.19585594847,1682.68027054412,2092.7676123397,1191.60871168913,1466.5597570182,1602.63418134684,1132.60853471215,1704.8561715517,1637.62428211641,2516.66437887805,3011.02124041042,1817.72306375181,1968.666053336,2238.96047589289,939.314309040732,2099.25449261452,2606.96429241078,1443.64818455107,1338.86555121033,1049.28885379916,1317.53489271941,1903.02373940913,1764.44180141841,1518.8173545845,1480.26750949743,1918.98612767782,2507.64216304804,976.535523202817,1211.81425560823,1601.54705684427,2667.05606150784,1472.97353744007,2137.8447948579,2172.44280461123,1713.86613361407,2134.63913348438,1214.57480009277,1494.36828775568,1634.42740960644,1153.98540796702,1738.40073131263,1704.8561715517,1738.40073131263
t309,39.5177962861156,33.5815870135898,57.8167652503535,39.230856577805,23.2475184192275,19.2536710133457,39.4683347136356,34.5653941903325,23.8856239188204,65.169142963851,32.4295657776393,27.3656109640567,43.3835681359076,43.6184814118546,59.6693680001928,47.3440722004847,29.6679087034765,33.2278566198254,40.9839875866479,41.5496972797656,33.6424324048368,24.2891461980889,60.375388200264,52.3109312806342,38.7042305920482,24.6398276894418,47.2341355275124,28.6746092062746,30.5912042249156,40.2657711808104,33.5617440735164,53.8174209765071,46.9861083520819,38.9600396569966,51.6032001794428,1591.478591469,2255.81125403617,2900.58694433783,1807.88365224282,1848.01416623596,2298.52665311004,995.046374907536,1998.28654721448,2456.2726772045,1404.2504354909,1381.42879541852,1010.96295296593,1305.7985148712,1813.24295537164,1706.26699003409,1494.5394491575,1461.49521094135,1822.06040024699,2334.67365807402,963.737563457545,1220.11590904378,1548.28211302386,2456.03030403832,1382.35756050828,2036.37349017935,2045.17533299605,1623.74040671341,2049.29819752756,1129.55539578448,1416.68531290471,1678.13463930841,1161.47146439489,1671.00395440024,1620.68187936828,2298.18113685834,2954.34308533013,1841.42245198687,1882.8023463729,2341.56355417704,1013.0505233816,2035.5662895833,2503.05221210035,1429.70260500351,1406.59515523985,1029.52711413683,1328.79316400702,1847.05161737085,1738.09215794996,1521.70907361525,1488.27565690077,1855.20651972256,2378.78060064336,980.827114715354,1242.47675329678,1576.49090448419,2502.22027572935,1407.67331826491,2073.72954437036,2083.3793119747,1652.44031240555,2087.73473410613,1150.24788169108,1442.14783152045,1709.45350857619,1182.47775881321,1701.93266721635,1671.00395440024,1701.93266721635
t409,38.9207351496454,33.2774684126966,56.3326576195191,37.138493980734,22.6981551456671,23.9310972408169,37.2872089297028,32.6990811244943,24.1108685532403,65.0170667446704,31.4652136246974,29.1664585302646,44.0757203539532,42.9504489513055,58.7531608725056,48.3598293180273,31.7916535985957,34.3269157104635,36.6033760124175,42.6635838326869,32.9334825727175,22.0277361633914,61.6632509819625,49.964704158217,36.1625034685593,26.550337817599,48.0714912357697,23.2664165705226,25.7246205635142,37.1971704930299,32.041130753341,54.435145198463,44.6978753808447,38.9030338240321,50.1005564688952,1610.36437472997,2292.38579290747,2670.87512514498,1879.22572182009,1876.33219449741,2195.61961324064,936.899836542403,1866.75581122329,2302.70207312068,1334.37745845613,1381.33468141076,1034.68873828993,1314.94504418095,1866.65373631363,1666.5047030394,1520.04814098167,1408.4601325415,1830.09514450641,2458.32763343006,960.789251222673,1221.23953422373,1626.99645449899,2404.10990048065,1338.27055523822,2077.31348371434,1978.30831216916,1742.68091452543,1991.49645412734,1148.37355835823,1425.41368934106,1669.05428930167,1198.87000280685,1656.56302173772,1724.80731380358,2455.10163615911,2860.62741940525,2012.67644852083,2009.48424046741,2351.48295254438,1003.58090532679,1999.30944193788,2465.97466777398,1429.29041837292,1479.57086295317,1108.26301880519,1408.67615954758,1999.17044191207,1784.82834178969,1628.17376384925,1508.56991993477,1960.28446493863,2632.71869325542,1029.21303722226,1308.06511938416,1742.66205886944,2574.71349677704,1433.4540253978,2225.04632465334,2118.81380204955,1866.86611802466,2132.84927055371,1230.02996630885,1526.92583407365,1787.5584522775,1284.22347904606,1774.25924089777,1656.56302173772,1774.25924089777
t110,38.8264703353227,33.0728536104433,56.6695929996017,37.5933706152886,21.0742306247254,17.7287552002961,39.5021967971159,35.9434296660533,23.0197579209683,64.864935220395,34.2282346851421,25.8523231085462,41.7421167258729,43.9731457440588,58.3657232587742,48.8609173036779,31.1946524234133,33.2414552765539,40.9352702826283,39.0965096716252,32.8828700835952,22.270294385671,59.9575806536688,50.4260606609299,34.6737184795094,25.069580412917,47.9106341808191,23.9769613446923,29.6103323523466,37.1159877514783,34.0480297927106,52.687509133863,45.6891238217817,39.6101802513979,51.4125613277659,1677.39248330324,2428.76808671767,2808.87854355362,1864.32829198114,1888.93176604121,2308.70600615746,969.700663455973,1930.7138684137,2414.13202119588,1383.82715452659,1361.46524613262,1087.55825321249,1265.88013787557,1829.41376743975,1688.69445587543,1526.29160975925,1427.73664188289,1821.32929375015,2541.45934798396,1003.24637561665,1235.62142292363,1653.20478612875,2583.27794547415,1384.37155926352,2149.82781218943,2250.68817376516,1733.93397898465,2022.48365282858,1160.41191181552,1503.5189921868,1679.41997034643,1178.92627489186,1703.42960724227,1677.39248330324,2428.76808671767,2808.87854355362,1864.32829198114,1888.93176604121,2308.70600615746,969.700663455973,1930.7138684137,2414.13202119588,1383.82715452659,1361.46524613262,1087.55825321249,1265.88013787557,1829.41376743975,1688.69445587543,1526.29160975925,1427.73664188289,1821.32929375015,2541.45934798396,1003.24637561665,1235.62142292363,1653.20478612875,2583.27794547415,1384.37155926352,2149.82781218943,2250.68817376516,1733.93397898465,2022.48365282858,1160.41191181552,1503.5189921868,1679.41997034643,1178.92627489186,1703.42960724227,1703.42960724227,1703.42960724227
t210,38.2682065100926,32.5084968755851,56.0374087418421,35.2897532371904,22.9930762315566,17.4859766869184,36.9261735386938,35.5123732934511,21.6572586360718,64.9952408069874,30.4468173001239,28.4252631567469,40.2793410416454,44.4691022645085,58.5855482369303,48.0846263122935,30.4536530493897,31.5955557400213,40.4830225155882,39.0809678013662,30.2586740871179,21.1465677887948,59.6778889356624,48.8260196789941,34.8001479033041,24.9448323955637,47.3272014736244,24.4142396080694,27.4310571870565,36.9014467380781,32.71385749332,51.9519750315152,43.6471333348849,40.996890199978,49.425814759983,1651.03192628545,2339.39735413625,2933.76516424218,1836.57773896256,1888.32731048234,2409.96139010948,953.899526329941,1999.64998716482,2496.06361437644,1426.77470518265,1362.63735622803,1071.84860284815,1369.92970135987,1916.02303330259,1781.73438245394,1504.60704487167,1470.86952431904,1866.51660806282,2537.53485648504,1019.23210905676,1296.46245113634,1691.12176069015,2652.58494298551,1427.89015414422,2136.43932191451,2080.9515878102,1733.08072359635,1933.62232229772,1191.00348471571,1472.85721270739,1680.48540854012,1246.82574344102,1725.12373473286,1666.07315132061,2359.25749497822,2960.02654536692,1852.60129537053,1904.3512342416,2430.72583027739,963.152829801951,2017.25883540263,2516.23009920219,1440.64199940601,1375.4898518201,1081.98574681703,1384.31542585383,1932.71606198589,1797.18721206468,1519.0633612047,1484.20456714154,1884.33617726743,2558.49104913198,1029.63058207112,1308.35053091726,1706.96582175411,2675.00211477917,1441.38835286482,2156.343952202,2099.18798391322,1750.85515951702,1950.01546158861,1202.18531930983,1487.6199606202,1695.02254124224,1258.89933888931,1740.60616714434,1725.12373473286,1740.60616714434
t310,38.0057980067606,32.3362584664779,55.567538207412,34.0006240378936,21.7815362844842,19.3727121600485,35.22453774856,34.42117861039,22.2813423528236,64.6137181306535,31.1984243586962,26.9869612312477,42.2820593218261,42.5574988885572,61.1364075425927,41.7398111676851,29.6763526086236,30.8096687590533,38.0860718798443,38.2679211102124,31.4460250203656,23.5609835765188,61.8881897417046,44.2497377213837,34.2590055961709,25.1616382734014,45.6381478426975,27.3012068700644,33.0245038155828,37.8182142845518,32.8040234144197,49.3205378268734,48.1789440284397,38.190432736056,49.4385965214056,1673.58273971057,2358.24527814501,2793.94608272666,1864.4023917161,1916.27082779522,2401.26908933872,972.518124298421,1928.3946214482,2476.57447195494,1429.11998559987,1399.58838658475,1002.69092796166,1397.94635263685,1853.91565175858,1797.29029102687,1580.35114361408,1466.54675181625,1818.94117827989,2505.57953511284,976.537344444822,1339.2229304498,1691.67418200684,2498.65731574031,1436.72408012943,2102.42000636144,1875.50002320287,1647.43007016583,1851.82049177956,1249.76640235004,1428.72860903912,1744.23601089896,1351.23255563936,1712.41579299063,1647.12526993206,2320.50013600741,2749.54286797321,1834.65490229277,1885.54498832364,2362.83369689019,957.271051162093,1897.61997994348,2436.58807665758,1406.62568490782,1377.53445717087,986.866099587159,1376.34548183399,1824.27965512278,1768.59737692416,1555.47712850059,1443.28970871477,1790.30621736981,2465.27947955322,961.321174615376,1318.08428582217,1664.99164700477,2458.59846733741,1414.06215881766,2069.16288882822,1845.58122527279,1621.85497408097,1822.13035259002,1229.99272345278,1406.35539101528,1716.37472865299,1330.13646301197,1685.19835050408,1712.41579299063,1685.19835050408
t410,40.0352337503105,34.4666991433804,57.0899495636065,38.9544186766918,25.212549270905,19.3135410225292,37.9193264939516,34.7873058590788,23.4994358330066,67.0957936732296,37.671559201592,30.8835298445484,41.9609227272032,42.6164226086526,62.7173660333717,46.8002001695466,30.7154577395399,32.465000862867,41.1137775908119,42.6543391675081,31.1068819037933,22.9959942269114,60.7239512574912,48.3333364114024,38.6968179067739,26.4253924929983,50.5870311087897,27.9330875809235,30.1298755884331,41.2042424024261,34.2621691041255,55.1577794510233,49.0669138436868,39.7228701182259,52.0670239759423,1622.61701575182,2380.5716833353,2768.18689878211,1818.14474700868,1827.50959409203,2267.5917111465,940.055804437088,1709.40847422422,2312.50367591405,1416.19941985515,1453.3773440319,989.477228504832,1366.54903556371,1885.6036354704,1759.44326226239,1566.4054432753,1489.54982013632,1821.01984583679,2479.02277976989,1043.31826192484,1268.68620058545,1624.64428041578,2499.94918313884,1340.68559597434,2088.59029833361,2023.22429499288,1641.50541286381,1824.7705660692,1198.37448746142,1447.0554361968,1777.6588703808,1313.2318029476,1682.874209312,1612.14142438232,2366.77160386546,2750.65085471612,1807.0933290879,1816.86816771566,2254.13037747483,933.49225899326,1698.64914332118,2300.07307353108,1406.22951810477,1443.52851079268,982.885079083043,1355.52231128109,1874.23921378237,1748.78027904563,1555.77199956078,1480.16446896886,1808.31797556712,2465.15741503787,1035.35997413205,1260.12944053003,1613.53874670898,2485.48588351745,1331.52486275336,2074.64026763981,2010.9624241007,1629.2078861103,1814.12030403115,1190.60853051113,1436.90820944736,1767.06414785182,1303.91082792558,1672.25162567345,1682.874209312,1672.25162567345
t111,38.3725183498014,32.7768733360995,55.5828621132643,39.7568782413057,21.8170790995991,19.0958458401118,35.8594035242799,31.1374397760054,24.3415305526053,61.964911313127,35.0742125279067,27.7654636164736,42.3757720826457,45.0765789242275,57.582959634577,44.5682541854484,29.072331759912,30.8088656241016,38.9132417364372,43.200907164498,30.8943295866625,23.445650015445,60.724383551283,50.9249250645625,33.6940879781439,26.1063232152856,49.6582481840922,24.7153221944254,27.5095694429638,35.9011984392419,34.9939995831076,53.3120201207854,45.7902417447804,39.5244059386791,53.8351312494644,1669.22157899253,2465.34699224837,2839.16298964652,1920.26837804339,1980.67915557339,2298.5748732081,1038.30582635792,1733.23266713385,2389.67653315052,1407.86820791518,1419.99606285027,1127.92981929909,1360.97953232444,1980.32848009054,1870.27500309524,1650.90990993866,1443.58457601443,1871.01223686784,2441.19565718636,1035.89339585968,1332.45672773577,1744.9888818096,2600.30423255702,1332.54686003617,2152.17230441602,1971.65086804971,1715.01584889446,1989.38430224832,1219.12975564095,1520.33483826493,1782.43143112088,1289.80229270011,1745.37151822816,1612.96611585382,2381.6194600432,2743.29538313769,1855.36200310582,1913.39331450707,2220.67171788781,1003.62766978598,1674.64912671009,2308.05748394612,1360.85268091135,1372.40573007627,1090.13820682485,1316.04931620443,1913.21426758973,1806.93884991457,1595.60249863265,1394.92185862099,1808.44389070503,2358.07393133206,1001.53330340556,1287.70996030465,1686.48213927118,2512.08150950724,1287.90299096444,2079.95869176337,1905.04398647226,1658.31654624031,1921.80820221218,1178.2072433824,1469.75499794829,1722.05204747905,1246.84332142207,1686.50860575879,1745.37151822816,1686.50860575879
t211,38.2182133529689,32.5989029611438,55.4800144450307,40.262931249764,22.0586368168109,15.5612228541385,36.7374508619887,28.550547464654,23.9197956553383,63.6435852049675,35.8106531113766,29.8766725716141,41.166040958381,40.3572978925218,57.977953093703,44.90831962228,29.9636524105517,30.7794885161172,36.6689824527614,41.7251036687596,32.6652870867416,22.5361583121047,60.0312152593331,49.9198864076921,34.9586407008243,26.9897285686389,48.8015222216339,27.3958505288793,26.2881528286971,38.1629776066909,35.9522540713783,50.0156491859114,45.622642029881,38.1777654657289,51.3688947262858,1644.35847467228,2435.7983915393,2913.58500012824,1986.18359416955,2058.42088813042,2368.48364323217,1059.15027793973,1768.15740544923,2544.77525367217,1483.70100091842,1471.70883791112,1074.72937266737,1397.21105096059,1926.30868993514,1905.36010906101,1668.61891699168,1539.13004368789,1787.86332216103,2456.59313668096,1043.98569725032,1314.99069670178,1824.41798898493,2600.90866940051,1393.98307531127,2142.45614327549,2086.32900441359,1622.77220272051,1783.80443648043,1317.05551678718,1435.39276732805,1777.68495365027,1253.46679302079,1758.00013467368,1588.23017456377,2351.55641425361,2813.34099705345,1917.77093193966,1987.08933769566,2286.59842738086,1023.45369852947,1707.23113737992,2455.77410779502,1433.38752091094,1421.92653521937,1038.22520821082,1350.75175229626,1859.801071538,1839.69929084772,1611.92463329508,1486.43497714869,1727.17539218226,2371.15941608473,1009.06931876841,1270.15379128056,1762.35006659502,2510.91639316322,1346.64780085096,2069.32635318939,2014.50566531913,1568.73500221917,1721.95840661826,1272.0768568921,1387.11648699211,1716.28478524792,1211.30275999063,1697.70773592458,1758.00013467368,1697.70773592458
t311,38.9163780922109,33.0645506620795,56.6671232196183,39.8041424414141,22.0113712708726,18.6103592867588,36.0410808862926,28.2818969784034,21.557361950907,64.1005789348354,36.1603549837027,27.1993258071777,38.2359288329044,41.3339468523566,61.5498820682207,44.7230110917471,30.2475960169004,29.9212063607274,36.8854119897308,40.8974311734178,34.8560068331947,23.6934314646516,60.8391207340187,52.8700137014695,37.8384432453897,27.0401681077241,51.2808571173796,30.5883823624555,31.0778367750661,38.4227778451647,37.8318060928308,48.6773443141198,47.8185181852474,38.1836574609213,51.7706612325091,1648.73599767094,2381.95285367517,2858.03533242306,1993.65349856094,2146.3713612652,2273.07594361911,1020.9544491887,1731.99153751848,2592.34645722248,1578.10394153865,1485.1814060111,1038.14637509768,1405.48692836693,1916.85637441341,1981.78228843295,1644.61353938448,1576.39928771255,1768.95348989008,2419.05478518516,1050.03484363248,1276.21940808216,1697.91438333281,2524.71348695225,1370.63658725791,2011.43362691958,2092.52632042174,1644.6823284971,1823.88376473876,1276.16557696671,1468.52041672651,1780.04676632266,1300.0023869158,1758.16705757565,1551.25492758208,2241.35356982593,2689.18783313255,1875.89663132563,2019.69778759484,2138.8766851791,960.495358025836,1629.6895574828,2439.52203623283,1484.68735724316,1397.26526285402,976.733322706817,1322.0688757516,1803.63438442575,1864.73505267976,1547.30852247673,1483.23820645677,1664.26460045216,2276.33880656201,987.775861328929,1200.72819915747,1597.42202480126,2375.69602175595,1289.54112776199,1892.4815727791,1968.93900465802,1547.12070240564,1716.23670649313,1200.70569942953,1381.50074926018,1674.9285598404,1222.98854796279,1654.25660205231,1758.16705757565,1654.25660205231
t411,39.2944236177239,33.6737620814188,56.1894095735445,40.9229921405167,23.9365578730814,17.3783113560323,36.8302511350468,28.6069070352952,23.8005135401522,65.7140087228273,36.6920547412029,27.0946191173901,39.0788347756456,43.1911623119647,62.8546579502778,44.7864564428982,28.6943847430445,32.4060088968341,36.8558979075285,42.9249591817652,33.0967385684982,24.9540084416182,58.8616883312806,50.1385184230677,37.3487830749242,27.1090159479514,52.2811564514727,28.8781042787525,28.1525882555062,39.8227745930629,38.1186860609061,48.9649477490817,47.214526262776,39.4969211017125,54.9147129136254,1600.09669685946,2411.02132276423,3301.62443141114,2063.69960142759,2092.63213244026,2334.47495028343,1026.97779552914,1939.53880389912,2543.71763043366,1565.41602314329,1461.73145148908,1027.96310371744,1479.15793230287,1938.73416821887,1851.21371094542,1698.59181160302,1480.7431935144,1839.90034947218,2496.70717534662,1090.29380231032,1350.17624081476,1739.2891071584,2615.1558398883,1369.55004338581,2112.12936256817,2142.53109691431,1717.31928177326,1764.63424364879,1327.78147299183,1422.35910002696,1769.06624840807,1277.69286813209,1760.80454943195,1547.55742183848,2330.96287416172,3192.41412098938,1995.40981005143,2023.12917986871,2257.01216191715,993.400388852837,1875.50541083588,2458.75054315852,1514.29816529345,1413.88282424541,994.264755216577,1431.32422591634,1874.63668095988,1789.96450723557,1642.8823774545,1432.00140155171,1779.59641728909,2413.62119974137,1054.92524151702,1305.82401694384,1682.122222557,2528.31144010845,1324.5696686411,2042.80520904232,2071.6451033865,1661.57920829678,1706.06556463404,1284.18505569153,1375.93377674085,1710.44624611394,1236.03134057449,1702.72777406817,1760.80454943195,1702.72777406817
t112,39.780815460782,34.6053021196784,55.5737999053306,41.002150573827,26.2635302679516,18.2312081906199,35.5450714612625,33.128574414534,23.4104441646068,65.4957277336423,37.9743312467453,29.806283494556,40.4619885361581,44.6040772959467,62.45690045568,47.8849843296916,28.1714586656924,34.2881109212595,38.02592366424,41.9279365636428,34.6460862217161,25.2902139395506,59.2386159763578,48.2632768946099,34.5979018199279,26.5666071362385,52.2575322744992,26.7992260109267,29.1039663464072,37.8518832501579,36.7658357340569,51.1624293564554,46.0831637835805,40.9373010202786,56.2893611925624,1708.03895796343,2464.35895850986,3075.6178375354,2108.20967068772,2068.4939205424,2478.86363353699,1058.39104040368,1923.0302622804,2585.66770499115,1580.02675872262,1507.37505179018,1066.7907646485,1411.08436337541,2029.07182474295,1926.66332028737,1683.48782402593,1597.44516671425,1871.49182989943,2448.08546138633,1123.33191306498,1453.29476696117,1841.44862702448,2772.7838273905,1380.79356426388,2158.00886103881,2194.09384231666,1789.14178911596,1869.02282740851,1296.44291928041,1581.58670211663,1809.93513954032,1342.36226083915,1814.619883152,1547.73573380099,2233.75038934627,2787.19515377137,1910.57356882417,1874.97096377834,2246.79194241991,958.672095321551,1742.74651456364,2344.28605598319,1431.17317752427,1365.58771737387,966.438326142711,1277.5510511904,1838.86552040928,1746.13237345334,1525.13194131057,1447.42654194739,1695.29862948432,2219.23876323328,1017.15402425385,1316.54488051925,1668.27744182225,2513.38890899473,1250.99103225695,1954.91496710181,1988.39450051909,1619.8572239425,1694.1218665231,1174.61098564811,1432.31397662212,1640.38007870952,1215.51076223526,1644.30548540293,1814.619883152,1644.30548540293
t212,38.9060861316983,33.7364991392067,54.7432417953098,38.5883670640943,24.9408828656323,19.4406913445409,35.9455076224457,32.8151749327446,22.0557140485842,65.9729051628921,33.426638940806,30.3523835707323,42.2964092436143,45.1381338506167,60.0222147510552,45.6580048643352,27.7588891158686,32.0083079800432,36.2479915970711,41.9280999125331,34.2135411690303,24.3445155406038,58.1073592885451,49.4139074099749,36.2097002901423,27.5392515171181,52.3005566213726,29.3456696737012,29.518136033478,40.7457785498685,37.0678929718641,51.7413921722,41.7349531131371,38.7351820862463,51.6395416566325,1764.29612125662,2527.30378098603,3149.61848941783,2197.57757791997,2144.67137473877,2527.22690978928,1054.04188778012,2068.92662185228,2674.564670758,1505.37370823786,1534.1853232117,1095.48301527906,1588.15044079392,2123.50721772332,1933.19987390205,1770.29854927958,1623.53635193061,1876.85307089982,2494.93803733433,1166.19354252513,1407.88715039262,1847.55502139449,2672.37356969635,1382.92898158344,2227.35649412438,2163.17785015507,1782.48743794567,1952.72227488021,1311.38215387624,1616.44297088469,1871.49294450436,1357.27875249675,1851.30343342454,1539.1005331658,2206.6598937733,2748.30639640133,1918.03545894093,1872.55592374764,2206.14777026365,918.687373539096,1805.99289189337,2336.67402371989,1312.3227270388,1337.58915162468,955.050095427923,1382.77863762644,1853.39623541443,1687.19584248486,1543.44886613617,1416.27179127649,1636.11855880116,2178.99584040644,1015.55388609791,1227.71031521655,1610.93469339189,2333.64252050732,1206.09607637338,1942.47555881073,1887.9301262157,1551.6863121335,1704.76408940036,1143.82190189837,1408.34730563303,1633.63626331656,1182.45083585141,1615.17694164956,1851.30343342454,1615.17694164956
t312,40.4548796647048,34.846215013284,57.5861793226913,41.2258890990057,25.0959281605597,18.9964055952218,36.2244446619966,28.9634726844835,23.2595369116679,66.625775618044,34.7282367624982,30.5050273333424,44.8275723861978,41.1336457674151,66.368017716857,46.8914612828078,29.1968684408847,33.6323235033884,38.7937752497497,47.0099589199102,37.8279378733923,27.0021784668894,58.5476362900823,51.9226343610207,38.052255715011,27.1938652282425,53.694958719783,32.3559764328432,29.4594237109209,39.388680352362,39.4446735037443,52.8541210801688,48.2166298626283,40.0146473711423,52.751210934541,1758.37016775453,2441.96781097796,3245.44424256476,2097.87162441895,2266.84541085614,2614.21742357428,1065.88611991473,2153.858515479,2803.81011728182,1503.71767495767,1599.11700523431,1011.14235941337,1553.4769861748,2103.97718547215,1889.24096011859,1705.63019138271,1535.3834611704,1887.64546529758,2611.37783903989,1170.47903085973,1460.44701293287,1745.40395207971,2631.57979243635,1407.47047509704,2062.04828384083,2227.08101844269,1872.00559114277,1911.57660224317,1432.99551342282,1535.86894070182,1940.01416843664,1357.50856186682,1854.04231257568,1505.27846989575,2092.10602680066,2779.26520434038,1796.46339606155,1941.94693070124,2239.33894422039,911.683462838147,1844.85453072395,2403.56915034607,1286.20401315255,1368.03574819299,865.375148291344,1327.33644210947,1801.82370069909,1618.03825911167,1459.37185927762,1314.38972412716,1614.93366712049,2237.92828861428,1000.3107120182,1249.94364172685,1493.11127456168,2254.60927347382,1204.63261188548,1764.84267049228,1907.3404305497,1599.82380591881,1637.63235323667,1226.33902178221,1313.35875188771,1661.6701187355,1160.67584216048,1587.35582121827,1854.04231257568,1587.35582121827
t412,41.0577231972284,35.7691850049481,57.0771105965162,41.5439483899211,24.5688761554708,19.2199912874738,37.684892784066,31.5251043821162,25.0397282896582,67.8421174562954,33.3068495828644,29.4883421088701,38.8237211455094,43.2898449152695,67.0738237485315,45.7784055068919,31.638639414241,34.8878652537645,45.0733821779619,45.4341528119864,36.3565262599141,28.4845145686429,60.1206995801306,52.8788031675071,41.4703059566184,29.5039997580487,53.0215204084297,27.2572064580053,31.8420331316843,41.496786952043,37.8328362716339,53.0905257750912,44.9629488423329,42.0960476512292,55.0979578566267,1849.69703227771,2530.97048475267,3331.07788998456,2186.56480147607,2192.02728297274,2536.30162808089,1038.64620205514,2159.4596241685,2684.26280338541,1609.05452512728,1603.15897318728,999.247025643046,1542.84929620827,2114.73331863286,1841.39935019987,1655.00413987827,1553.54838060903,1915.12808235205,2531.75843689785,1133.30668271469,1473.16747325736,1683.71878347058,2576.88950914122,1514.86303792121,2280.78413949789,2155.95745001873,1890.6540134596,1916.18952702318,1400.84627885084,1658.05794954834,1830.59231577676,1356.45083813609,1847.35878082015,1690.50567460221,2314.13484216105,3044.7107213633,1998.71101758091,2004.26642498906,2318.7546010212,948.852140657904,1974.04620068415,2455.17092702928,1469.66691307131,1464.74338742281,912.976627961962,1408.43457455217,1933.31516312814,1683.35042865724,1512.06405637142,1419.7409651322,1749.42507028076,2315.25546228733,1034.76528612325,1346.1076270738,1538.42455213342,2355.94664249888,1384.20359500437,2083.89903757737,1970.89716433291,1726.24618958437,1751.93629523978,1280.17128021682,1514.50820946539,1673.55770553706,1238.93953759515,1688.44525900783,1847.35878082015,1688.44525900783
t113,40.3994870461767,34.9689758799154,56.8385301287746,41.2047095944974,23.744275918593,18.5709351807429,34.6207302860523,31.1184479991356,24.6874088599033,66.5763325012804,34.2457889064523,30.1848783422592,42.651957253999,43.6809407225268,61.7816484751237,49.0280391742103,30.3796004779616,35.6568448590236,38.0123893701567,48.2946496385396,32.8904768823193,28.1779147426717,60.4356776522638,50.173597853341,37.4638489447383,28.7162284263548,53.8553912333882,27.1421462929176,28.8691325667417,42.1529692169943,37.7918300824546,50.6983048536426,44.9148602034837,40.5277694637477,57.4983414922482,1815.22121427187,2529.22319016237,3026.13451593797,2140.20810124925,2271.58625519982,2631.32290432074,1099.21663567842,2067.26414252201,2706.53774409725,1590.07179752166,1574.38063261105,1135.52006177114,1481.01631276452,2183.17332787176,1957.82354823895,1775.21909465798,1478.58456543283,2089.06152772023,2484.63556245455,1140.00229159757,1520.6475615185,1844.46861676327,2715.75208277553,1424.44617689047,2377.32580467814,2712.23346731727,1859.14128226793,1987.64613770338,1408.13272995082,1577.00573791727,1846.28472934084,1392.19592085695,1895.0468290698,1520.13649965278,2119.89151920762,2534.94508063683,1792.98893506617,1903.97182960661,2205.04536423674,920.030273873655,1732.563622559,2269.63904838321,1330.67478520068,1318.0035145476,950.529198374026,1238.30516410651,1829.52764815589,1640.6176347706,1486.11587892328,1238.27306959227,1748.75897988397,2082.97284588786,953.440584124508,1273.3580022913,1544.11190181464,2276.17895779612,1192.5355397094,1990.78348938435,2272.73684046653,1554.95674134497,1665.83316390988,1179.14061435244,1319.57880245661,1547.18068006161,1165.62471792022,1587.43531091444,1895.0468290698,1587.43531091444
t213,40.975960812111,35.3299041381895,58.1334587510429,40.1104896202038,22.5318090443167,20.1010976134232,34.3773287084628,27.8899744737454,25.8252643434041,68.3841721336334,32.4739851100254,32.5544298142272,43.2782651259149,45.3968266973293,64.4482324578188,45.5620640671636,29.6216595823746,36.2634645383888,41.8386023182244,44.8828930379174,35.094164813542,25.0952745797052,61.2791624771267,53.999471766221,39.9219977695544,26.9102911930931,51.3568843877652,28.9255580537136,25.9202524330621,42.0736662785518,37.0407771655203,53.2438107568529,46.2327542877612,42.305366109666,54.9349309097159,1861.08531923846,2649.62161331553,3130.2003191244,2281.01722853126,2358.91537073531,2737.38156505726,1046.94017058395,2266.82622898158,2553.20536395683,1719.42774982511,1594.36902919724,1121.06980861116,1647.11790133103,2209.0689792321,1870.43867022652,1714.03344238197,1518.98208562307,2007.42196781832,2672.24113410201,1102.74024810449,1426.54927942864,1783.37841980534,2698.92724800965,1497.60327003685,2292.7296278377,2453.46711844462,1832.72176269253,2062.21719369111,1390.31689713698,1580.40104966675,2050.71633296732,1302.95798186125,1883.29155013151,1558.99983043909,2220.36288848796,2622.64102810579,1911.17475098787,1976.75445520251,2293.71977190059,876.77977542155,1899.51294614459,2140.01541503547,1440.02170634902,1335.30764809375,939.009741356618,1378.8109465823,1851.04831801411,1567.27499457168,1435.57509926661,1272.55316185283,1681.37837809475,2239.56012386734,923.285730120639,1194.99752479145,1493.78309294299,2261.6123915112,1254.27060018349,1920.49344421391,2055.71223241788,1534.39633376899,1728.01476005261,1164.69909468625,1323.46900778424,1718.38590904533,1091.20554089298,1577.79419248733,1883.29155013151,1577.79419248733
t313,41.6157723099532,36.187394965718,58.1443184462082,40.4919129897602,23.67895273359,20.4381309042785,35.5356117947208,28.4011339700996,27.0738320049821,66.297239980939,32.1381642770645,32.7768770274397,44.2436345413419,41.0735967774645,62.831235741747,46.88084541865,30.8436688100921,37.3629665086375,46.4709159892721,47.2648324595228,36.5424642100934,28.6305070746714,62.1211487204629,52.788162760439,39.952672883759,28.5951623721137,51.6642314830197,31.6362127022292,29.2626464448706,39.6247616315713,39.6245597117327,50.7648682252408,48.9785904342385,39.3768570418213,54.1579748743111,1710.23659126434,2552.91836661655,3215.48750119278,2296.52309030025,2405.89304197401,2570.68623835465,1082.23032810752,2236.01646768183,2695.39388404548,1597.41761119357,1689.44141354972,1113.20062096994,1561.75993823702,2190.98573062178,1751.71642298818,1621.10757319562,1494.43348415584,1949.23388498097,2528.3525682956,1117.1424633611,1435.69260391878,1840.89452110417,2835.94499440096,1519.76150298872,2314.33763291085,2474.40824315324,1868.72567101723,1954.29190149833,1434.49089238128,1601.43574272183,1931.96567927592,1351.38157242085,1865.63538254814,1403.08336870689,2096.09899869761,2638.95610874061,1885.07320873705,1975.46483102372,2110.58035203364,887.324062444125,1835.36417547465,2214.0702818018,1310.05659587809,1385.65944482756,913.266863828214,1279.41336893592,1798.64682539492,1437.86965786515,1329.67816144672,1226.2600994547,1598.6911650323,2076.31848421343,915.632050621764,1177.88020256348,1510.19264425392,2328.35367586051,1246.55671432908,1898.77986223854,2031.05560819187,1531.25358069903,1604.40429931673,1176.94895129474,1312.95610265882,1585.94521765041,1108.20676535375,1530.99684857422,1865.63538254814,1530.99684857422
t413,41.1425817709407,36.0259290075632,56.5333001805588,37.1831480303305,21.530102448272,19.6628955184537,36.2362117505885,28.7489232651667,25.1251378040485,69.1611826360934,31.6698071773657,30.8244603861526,45.2308994957391,39.9699720154256,63.9289372117818,46.7328919039864,30.6879786036078,35.4872301226229,46.6157261836337,48.7894296679875,33.9653323581734,27.3998284716194,66.1495546651241,51.5792210832419,39.6214268459109,30.5562394018947,50.1629432760461,27.9377849846054,28.8683208612315,38.7676587522059,38.1510509956075,52.5460442331374,47.818096167954,40.9319550794577,55.0960477683646,1906.03799048333,2589.36012167594,3140.56677798246,2289.61526572668,2415.57162336895,2664.81924643664,1045.24819127601,2319.49811957284,2669.75802905936,1593.95194571476,1700.34226933636,1087.04663881662,1619.46365214703,2179.81810054925,1979.91561217363,1655.84541344062,1529.12959143605,2045.96085625048,2494.90046661879,1032.69509904972,1454.54147691611,1851.11712597056,2530.46891863923,1557.49974726208,2266.88682557568,2505.61432050812,1954.98192691099,2003.5028727397,1408.62639553609,1664.34818443545,2034.68721621817,1361.95890149155,1902.07616692048,1611.71672507137,2191.08960605907,2656.3103531074,1937.0137156337,2044.25573542296,2254.75232996106,883.108108498523,1962.39995566222,2260.28659385681,1347.12816689363,1437.49065860624,919.131513430247,1366.98023994165,1844.08545110794,1675.00235937371,1399.75432850098,1293.28489024561,1729.23483229227,2111.5906542013,872.423578302951,1229.68257187967,1564.66653479953,2141.53768632836,1316.25038381605,1916.32144474953,2119.86231874842,1651.25519741226,1695.35708531881,1191.16818194033,1406.05063227358,1721.51287326279,1150.710395143,1608.65591788418,1902.07616692048,1608.65591788418
t114,42.0307882668499,36.7705407486377,58.0427820199597,40.4097761915109,26.0208123697169,22.101067071565,39.4046374880847,31.8199080830861,25.4246671591253,68.9823278014992,34.5866890338958,32.3178927240228,45.5178031997731,42.5848118768523,61.1455134395272,47.5144716704468,31.3769593203944,37.1579762020996,44.6238936517536,49.8012097685883,33.5557836646339,28.6790185107886,62.8803860729931,52.9012662578041,37.8012515303148,30.2895910177068,52.9258973919859,28.8500431529648,26.9792245772403,39.844434959963,40.0278686559042,53.7772982173523,49.9047089931681,42.5279437490345,57.829387989121,1824.77103550145,2514.17984896593,3266.49652912063,2333.60469893078,2327.43100059119,2580.84148791516,1095.73647745449,2267.95631108538,2545.22816666135,1623.01665489356,1675.47229185596,1155.25853784788,1648.64005156173,2190.35761112092,1911.91988235782,1734.70654453503,1445.80496645269,2086.65088140116,2444.20873096393,1142.11777338434,1500.53434256704,1913.9895194336,2529.22881771169,1521.38337493151,2355.90273196141,2652.91017989719,1929.95046716729,2064.14653752907,1427.72378615737,1583.46396527378,1942.9351675525,1311.47769592656,1895.53683683872,1474.68688311614,2030.18572701493,2639.26047573287,1885.13159565267,1879.35124142251,2084.26199650621,886.54247477269,1831.72530152828,2054.20942254019,1312.59722774062,1354.90856263303,933.812777003203,1335.31380951705,1769.20853964657,1544.42722459174,1402.87164870637,1168.28009294961,1687.54682474057,1973.47508740825,924.666114338952,1213.24068988214,1547.50382337233,2042.122563859,1230.24716831312,1904.7486429489,2143.36894054532,1562.56146380022,1666.85528738798,1154.13720053706,1280.77772991924,1569.42509721011,1060.75586060361,1531.77880006127,1895.53683683872,1531.77880006127
t214,41.6460418920755,37.2332496418366,54.9621839119494,40.0650722535988,25.504539814657,22.6017787590973,38.4225578244945,29.0020551101384,24.3279062143894,69.2734341761072,28.5068299333064,33.0570883768201,46.7213726170508,41.6073175982676,58.9700296946804,46.1850700038718,29.9900158372774,37.5433811952203,44.4659497501483,49.3785440508611,35.7543623187266,28.5334911921501,61.9786032942237,53.1265583012589,40.2224127288023,31.2242142052313,52.2965163550535,33.6169688627859,28.5223557446544,38.1677415552447,39.619934830612,54.3815863965937,48.5468905581299,41.558730525284,55.4594918076784,1892.30281416069,2550.86705532435,3092.11767855174,2282.15668602132,2317.89059743199,2550.00507953357,1004.42560858148,2437.23691859153,2571.34489119255,1566.54406894839,1664.53157568257,1170.81133650331,1608.14238182665,2250.81539527575,1826.50670577326,1687.29550275831,1474.21009201636,2016.96997226542,2417.00594085815,1097.45014408924,1476.92832677102,1859.17436107337,2477.09198199761,1548.50148397017,2134.42368997298,2658.78866340053,1889.4909134723,1979.8682344375,1370.34132302265,1514.45472546238,1849.44343307051,1355.30053918128,1864.45635130922,1504.00303233203,2025.87480679899,2456.53444149316,1813.08950610373,1840.83761950306,2025.53224087051,799.013320990022,1936.07094827721,2041.22355052532,1245.67640403282,1323.59778711647,930.730989303145,1280.25321484103,1788.09672587956,1451.0206437335,1341.45200241901,1171.78186840544,1603.7973788785,1919.31614584766,873.378362520581,1173.97006850768,1477.9667656944,1967.03015910749,1231.04459050614,1696.56218784737,2112.28231383415,1503.74866340074,1572.47939672716,1089.15526035365,1204.45184890272,1469.25057045384,1077.95644783189,1481.59614847591,1864.45635130922,1481.59614847591
t314,42.7476245999831,37.5594011574807,58.2710576860589,40.296330161352,26.8903376535715,23.4565265745989,39.9054735315579,28.3009818124501,24.6450209343678,70.075122488187,29.642406149571,33.8695502046309,45.2363826145272,42.5506866897263,65.3437758205439,47.2969950387918,29.3485342606914,37.310991397616,47.4644590661223,52.0050285382411,36.5734667824852,27.0987261410248,63.4270164178267,53.5710220338904,42.0810294628309,31.7071893887456,53.531590907231,34.3098576354293,31.7884147100434,36.617708991128,44.0768213379591,53.0471135403567,52.6016222812475,41.1411958843429,58.1047599847205,1881.61842022793,2465.26746952221,2922.07757113704,2250.0126560311,2445.49511990421,2588.82277972197,1029.75438760921,2374.12301923492,2497.56808292196,1646.96281330871,1749.02713043463,1056.4949349249,1633.37600379203,2253.0582857108,1857.8797119962,1704.28928377693,1446.145028575,2058.0474493851,2652.72934563733,1084.00113991293,1504.72283419317,1774.71725799343,2449.19290878658,1507.46605738131,2224.19004816106,2585.62938147448,1940.02736297208,1890.46866112757,1416.13374838565,1470.51979458766,1898.5478493964,1323.72074437984,1868.89337148484,1455.48325683409,1906.86525990416,2260.23845312657,1740.39592219381,1891.56296287768,2002.4326601649,796.569451911812,1836.40525719841,1931.79067667078,1273.99208967641,1352.94531541877,817.218503482917,1263.57622600839,1742.74001125496,1437.06767223984,1318.32500009297,1118.62169464232,1591.98809743246,2051.84223520561,838.560373189516,1163.94787911562,1372.81487316224,1894.40118714597,1166.07906633075,1720.46547107195,1999.97369867125,1500.77324196181,1462.26266699849,1095.42866125253,1137.53629676698,1468.52853800777,1023.96552204393,1445.61628890335,1868.89337148484,1445.61628890335
t414,42.8756546049949,37.8166412720145,58.0818509847343,39.5445510898764,26.4905946246067,20.4016087967234,41.03105671121,29.445320854278,27.3973206277674,71.3673974816661,30.0239760623641,36.6589538731671,45.0955074136435,43.8272579090999,61.7508267733799,45.0417505711265,30.9658352899262,38.3678999891758,44.3131956288183,50.8048760153835,35.5524598194824,26.4776878179066,64.4784264631947,53.176719374302,41.9348227775398,33.5639978345388,51.4061178411886,29.3130746485977,28.446733774576,37.0275799529105,40.2776470015965,53.1215049886688,55.9068723804102,40.2386587830372,57.4396540021564,1821.70503640003,2538.23728503956,3280.72003911295,2202.09898503888,2450.5218132831,2604.510435516,1025.43931219156,2365.21708296972,2504.75182510352,1662.83331037536,1716.58613311747,1148.33220798687,1616.90778071623,2178.9032007441,1811.77324688275,1725.27077933475,1475.15474017783,2032.50737001752,2562.76284963897,1096.17596752546,1533.81284013001,1850.33870739889,2508.3695042207,1552.21160060485,2416.60867327029,2606.5547289032,1969.623795676,2062.63841073063,1469.08848724873,1371.62340003068,1982.53712600508,1317.87706424081,1870.59431964324,1456.51347181888,2029.53953213192,2623.0891865137,1760.72367389863,1959.41129778213,2082.518854338,819.847148673975,1891.16809408605,2002.84347567172,1329.45092168116,1372.41295683981,918.129765112562,1292.58637311754,1742.17672983681,1448.64323263787,1379.37269761302,1179.42010434237,1625.02395929095,2049.18077523158,876.33606196039,1226.3313528522,1479.33640737813,2005.69415769142,1241.00812822494,1932.14110570837,2084.11559967003,1574.60413923698,1649.25297099088,1174.5848057799,1096.57818875833,1585.18301497843,1053.62955064581,1495.6296921356,1870.59431964324,1495.6296921356
t115,41.2652760199337,36.2154302840331,56.4419467988225,38.272640006285,23.9540412629589,20.9672095713234,38.2734327139065,30.0167847021022,26.7100638019929,68.9074193433739,29.9266510951496,33.1314467267289,44.5496041286021,41.9164185668033,60.4284897746496,44.4276529395513,30.6860801684063,36.4520538653858,44.5095885080696,47.6178048321374,35.7669793646763,27.7779410580444,61.9349572134719,51.2308353808354,34.8300516256369,31.9964995993221,52.7476936895813,25.0889803628625,28.1371092911368,36.8568235273246,40.0695965841558,49.9267595460232,51.924376865224,38.9410092148118,57.6944843287154,1888.15345022722,2554.3042644702,3303.16105603524,2207.48158509745,2427.10185568129,2639.0687228242,1102.7588130818,2414.80310606755,2673.66180453328,1658.13331089528,1705.0383903172,1172.17558103402,1701.46264615522,2285.00391516534,1876.02083968912,1776.81350222399,1552.97623397373,2097.34664444383,2598.47538417724,1117.22821212494,1547.1089952615,2062.32727230006,2639.91854615381,1562.81215258093,2489.65475505047,2555.92322819404,1952.33050636185,2041.26034458005,1544.92201096985,1499.60135092203,1982.7767643929,1353.64828702446,1929.90877432835,1467.49811515293,1987.1366868515,2568.65001207348,1716.74946228217,1888.38270920888,2052.96578510916,856.732343325811,1878.18435099194,2081.163612179,1288.5232945001,1324.77890161886,911.036501634496,1320.44886062524,1777.35873260438,1459.1085982823,1380.89118965093,1207.53495532387,1629.67279847117,2021.76551342411,867.271787347796,1202.50827391354,1602.80810018596,2054.30577531179,1214.40878040259,1935.1064755031,1987.98915724802,1515.88547566421,1588.11416894475,1200.84887441048,1164.66937588064,1542.23409396289,1051.67011343854,1500.56515462711,1929.90877432835,1500.56515462711
t215,41.3829280249532,36.5777530172762,55.9175051905343,37.3597484926002,23.6158812931149,19.1774915898486,38.095674759919,27.2113698871009,26.6017220031439,69.7868521401269,26.9308473486991,35.5013438075283,40.6332710596304,41.3193833403615,61.6456555670576,44.816766526403,28.4578544801238,39.4125020379955,42.1375796811344,48.0386678537594,33.754099311691,27.5046957558886,62.7179541461866,51.5832123878899,38.6053394617032,30.4468781644911,52.1734818949467,27.3692633157242,25.5377322651699,36.9391780148054,39.725234066958,50.6558187957935,51.9318803051459,37.5510939441763,56.6652812967063,1921.18312432403,2559.68456550941,3387.1673040882,2322.57442796654,2494.83063989002,2605.36768597682,1089.92219744203,2557.73261191711,2714.93507298836,1746.11537964124,1811.23657988319,1134.46558442981,1726.69003266528,2274.4746107329,1809.85989037957,1776.92101688337,1510.67686211811,2111.62131317888,2566.08918568714,1148.75274514524,1564.29135602014,2054.70780241125,2802.09837908696,1589.94723930546,2532.19001038032,2709.91282822977,1926.28445740938,2052.91466631125,1543.82829958553,1531.17404976903,2038.44318512668,1454.87241941543,1947.23501879057,1476.93281638667,1969.44805155381,2605.21514737946,1786.40626549717,1919.71078203336,2004.57159539105,837.41710362406,1967.2190383332,2090.09216844276,1341.9105665857,1391.82328409597,872.103443100749,1325.31120538576,1749.66212621134,1392.30751365563,1365.74057683657,1161.81633042575,1622.85094303061,1974.84899445169,881.803433705328,1202.53178862766,1579.30803688115,2156.64739863096,1222.07395646385,1946.7958043428,2084.69235996451,1478.91323681133,1579.6151517927,1186.828645331,1176.20172018261,1568.1537857662,1117.90305075568,1497.4182674828,1947.23501879057,1497.4182674828
t315,41.0731793386523,36.1385009330452,56.0305973060037,37.8429233506366,26.0495063135617,19.3191145622972,38.4879570151838,29.0577417495448,27.1243138105916,69.3697183789693,28.1092955503441,30.4226414198179,39.6011170590166,41.8802239302764,64.2976279893813,42.0700557225874,28.7443558724868,39.7100577523182,43.4103395098511,50.7238241272198,37.1590606418048,23.1156195529242,61.9055846841013,49.8877263904512,36.7544199251516,31.0100930607748,54.1507692293297,28.2927489602135,28.245013199964,35.2896026288922,38.9563921613681,49.4775660725261,50.9964966501201,39.1895539374163,52.8759284267387,2003.19476679626,2536.5308602139,3254.53219780045,2255.7501670993,2568.93233519676,2614.64944421672,1112.15202131485,2596.85951104236,3112.19083621892,1886.99183478111,1774.25263671772,1114.22899793015,1723.70026247074,2385.29170850256,1886.15969501511,1796.04409442469,1430.17101086725,2062.73690637204,2667.34718431826,1144.63508534487,1567.98968479582,2035.68376951865,2742.90883290377,1589.06279641751,2638.3963207251,2541.7308990701,1980.87659365611,2012.73783006611,1538.887372786,1570.91756565392,2092.66928926086,1483.89352970966,1999.68149058184,1516.28196761918,1921.5586445442,2464.29996336629,1708.16019766951,1946.23904658158,1980.58281058245,841.187192784346,1966.52124315708,2359.00257099751,1427.34545486998,1341.82602161118,843.402061103357,1302.36622349275,1806.47429637649,1428.61227017313,1358.9684581394,1082.26946759913,1560.92189979271,2020.9399670361,865.109504548238,1186.70788203317,1540.07705833628,2078.43721982509,1202.62201344658,1997.28586198392,1925.06198598297,1496.94221393308,1524.66238073917,1164.65408669434,1187.92610345486,1584.8972323353,1122.27900266359,1513.94276205774,1999.68149058184,1513.94276205774
t415,41.9971873942819,37.7162503037707,54.8953189275816,36.9275302886848,25.6380823214611,17.7960411691215,38.0581495015113,29.4924933357158,28.7064367624743,70.4951346311326,27.2511228816883,34.0378510187827,40.4786028233239,41.8969905742318,64.2652925368553,44.100584037042,28.8925047184092,39.9946235179158,44.6971023324896,56.0992794062264,36.4766855372985,25.2429329899472,59.924994202241,51.9508297827098,37.4592429105274,30.1866219918678,51.7163027524895,29.007725813118,28.826979598521,39.4691539199639,39.6690128081814,49.9041034262307,53.0168025006211,41.8013747309832,54.4096351199682,2085.82970673196,2626.91856501418,3391.25481538771,2326.40327908603,2563.22795917921,2636.58361132276,1092.34783456434,2764.58002607203,2811.3678058858,1884.33692676562,1887.15339072927,1130.40763848562,1792.0118036998,2437.00662653961,1960.69268539015,1782.95179946169,1404.80912689046,2140.00376226434,2757.81307233439,1220.28080442403,1599.97684866976,2038.10824489255,2778.21763363175,1718.71203272116,2638.39610033224,2637.08766861172,1934.96631811619,2071.03604112547,1581.23471859376,1520.49716770024,2027.1281378644,1515.70581181587,2017.76026364476,1627.27753954562,2050.39383951974,2646.08889709261,1815.33476162044,2000.69153288871,2057.78932283364,851.653633032053,2157.00575602921,2195.13004016948,1469.25616370987,1471.5967834684,881.786320989306,1396.17123071242,1901.78326957185,1530.07389723811,1390.61542761282,1095.81685266988,1669.11991077192,2152.83872143764,951.000222455567,1248.08292696358,1589.33459175672,2168.80956724579,1340.54204198344,2058.2931153556,2057.8978020844,1508.08191196831,1616.48290294178,1233.46194228055,1185.54022885665,1581.98963291698,1181.89920450178,1574.2663947043,2017.76026364476,1574.2663947043
t116,41.7070186886027,37.6267194226321,54.0026111919037,38.17263592867,25.5151052518445,19.1623551273208,38.0960582899426,29.0241880011684,28.5261746430439,67.7925424102121,28.9369281761727,34.1241040453478,38.152320904773,37.8385813555737,62.3553283583208,45.0685389738284,28.1674554990961,40.4512497007413,42.9299480020696,52.4244990696744,34.8277935385527,27.2230739774311,63.1782898857841,51.4157025942266,34.5861850509415,27.8783699238825,52.8993644831126,28.5773103019262,31.3284729586426,38.3864282543898,39.3515238080084,50.5501401948453,53.938642258399,42.0964842015986,57.3621838838885,2108.00480482649,2680.74290318049,3440.51416257466,2314.85232043604,2587.89024959936,2738.7652213593,1193.13183977109,2719.15732434174,2883.64336587496,1912.23533035475,1915.04229945236,1216.65193179743,1745.1207427018,2507.60881740384,1960.45957493181,1853.77573122369,1577.05789192285,2255.42834525977,2688.16433731784,1141.44731432069,1604.71873399136,2219.06017070061,2912.44149313132,1694.07204263793,2432.13932389536,2637.94003932485,1959.8788976979,2171.31410121209,1626.27942767463,1559.01451537023,2076.65294454626,1501.52435355296,2046.4327618687,1562.79840207326,1989.66532515309,2552.54529986169,1716.88553670574,1920.74455524296,2032.43298573303,883.425439862049,2017.10650474596,2141.71448031545,1416.68417607291,1418.53825885723,901.926394613576,1290.62232595237,1860.37039675306,1454.56598752725,1374.04872945528,1169.44058303368,1671.53308415216,1995.49909497222,844.962207537358,1189.5802869652,1644.35831450321,2162.01745503857,1255.65620369317,1802.53150189626,1957.23396288277,1450.59747153753,1611.38242615505,1205.49866960259,1154.38864044981,1540.9947222043,1112.50311016685,1517.61861994974,2046.4327618687,1517.61861994974
t216,40.9710228352043,36.5874288266696,54.2623056167165,37.0625298411802,24.3203917701289,20.2425354641564,37.6924018789376,29.9323247720565,27.9889673101335,68.3918633437955,23.6991546749077,35.6547426601248,37.8756038000958,37.6366017888947,63.145148058175,45.6205948912937,28.5537746994125,38.233592832396,41.2279826057095,51.4116511895396,34.8884870505868,25.5402096475333,60.6567076161129,49.6094479741146,36.623447064597,27.4073227509772,53.9259503917646,29.5560260519686,29.1545315230685,38.5206042359505,38.7041671211247,47.7031138455842,54.0440935754503,40.3825561078612,51.4071568346487,2189.99597059248,2761.9108780731,3390.16683304871,2275.60174759011,2613.14344787091,2702.29650834255,1116.29283876719,2962.63393157742,2849.81902080289,1965.1291018266,2035.83108275862,1201.83733512377,1711.00860601027,2464.77294221882,1973.29392757769,1878.41936993837,1506.25065150048,2218.1913506703,2916.85974026411,1197.46012606925,1615.27367229184,2106.42797640571,2981.02207083838,1749.69572810548,2460.01568137794,2782.96376595426,1911.54059639993,2197.02672572399,1673.82749186868,1549.59321519448,2124.51670791396,1616.09245065237,2068.72148011211,1630.46432595226,2058.57878280065,2525.78059035667,1694.974602998,1947.55856460072,2013.81566133426,830.158419551769,2207.17107135361,2125.36678640474,1462.17413514132,1514.70537468043,894.589235996744,1270.94744157564,1836.57634144678,1470.37560151928,1398.3197213984,1121.62668383593,1650.69128717148,2174.3799113194,889.863843931408,1202.61482249581,1567.36833855383,2222.00512489969,1302.18712935378,1831.25848936879,2073.21100439416,1420.56807404006,1637.3804415718,1245.91213082188,1152.65961441551,1582.95647239879,1202.21378654522,1540.68990246676,2068.72148011211,1540.68990246676
t316,39.9794102626699,35.4419773822691,53.7350472550038,34.1329724705432,22.9563109371845,20.9128424214028,37.2647403884621,27.0302581279987,25.3035969605964,67.5619577502111,23.4980931657015,33.4166402384206,36.0761320493166,40.0493182823232,63.4629909474177,39.084189555691,27.5790718461633,37.2615130654144,40.5590711229332,49.9942019003711,34.442243909829,23.6565913915357,62.7066381518807,48.4233627711459,37.9873443842609,26.9308340333937,47.6883186040276,29.3014316981978,31.5902952186893,39.8688530480863,36.8288457437785,48.0381486241984,52.6900476659202,39.1109810048778,50.1142660112743,2191.22128630685,2962.79898868995,3496.34575212663,2255.37894890029,2737.08762778686,2731.47895815513,1148.17015223251,3100.86350804032,3093.66294861368,1991.87553818946,1895.87907010706,1146.9944276314,1839.68076751737,2539.09504445217,2128.03857423286,1874.15301801323,1577.56532833057,2287.85767642836,2861.15515774378,1160.21313988985,1695.53674401653,2158.76440583837,2990.97550530865,1849.1061272775,2388.74831579255,2632.63259085508,1839.09134471724,2303.52669578156,1655.0704275192,1540.53212307135,2177.21830376935,1619.19313094217,2129.71089614979,1590.72997136789,2153.15314128554,2540.11067810732,1637.7295992087,1989.25267121449,1984.69032613797,832.06797201239,2252.14707501749,2250.49432294581,1444.18717623968,1374.36037866527,832.463683824756,1330.82608176158,1844.50250941713,1546.16908174874,1359.70243089325,1145.33086705722,1658.94038307826,2079.95844536115,839.977450852404,1230.50543017887,1565.78055504186,2174.06986252986,1341.02349240238,1733.20061422881,1912.53254102844,1331.02824256992,1673.95653268661,1200.88704928279,1116.45857971743,1581.83064102405,1173.24668239791,1546.28846712389,2129.71089614979,1546.28846712389
t416,39.9681292186891,35.3018141883725,54.0036701340675,33.8038879665828,22.3818285045911,19.307618855375,36.1402581166958,28.1893606491777,26.2037539841813,69.6184453074202,22.4776327458228,31.1064903740014,35.0191127365241,38.4874304693511,65.1669194270557,41.4837543175415,26.6530041320971,36.4587912566594,43.5554582116723,49.8731449002823,32.024903496845,22.3652710043001,62.0777648471034,50.2857506995836,38.6947100696671,28.8549229635218,53.0158347007059,23.4484399107286,28.0047199064416,42.7817186933139,37.1123900814138,48.4634741970274,54.7130066995226,37.3024757413986,52.4304724963711,2194.674346799,2871.90268736189,3828.33292031547,2256.36456266796,2673.01819649492,2821.25148939519,1146.45853212149,3110.88475398657,3228.61394086328,2047.41004420417,2012.26953341996,1160.34509045346,1818.85337065813,2581.91076985999,2052.05162511168,1863.28203171301,1550.42548734839,2289.24127556755,3085.21514773828,1231.84413545282,1654.9264878948,2126.77320421948,2980.6013157316,1639.84632097765,2591.34543928478,2794.96358123339,1765.84575370127,2287.63385397472,1671.96350208878,1509.81063989916,2271.70875735761,1595.92103525825,2145.74385242318,1613.96413912047,2115.62069936081,2819.07724650942,1660.44579036882,1969.22538651869,2078.04992045646,841.866131196718,2290.48506022064,2381.27648037075,1504.06597823077,1478.28308393749,853.425209130209,1333.55505484983,1901.23675880869,1511.09708897021,1369.61874537049,1140.72656294542,1681.80655915843,2274.04232362645,903.469772384503,1216.68645915538,1563.0814891181,2196.30729351831,1205.2559873126,1904.66375617356,2057.81394323488,1294.88261178778,1685.0428568931,1229.13594020051,1108.37157505239,1672.76280823627,1171.75147975711,1578.96303468884,2145.74385242318,1578.96303468884
t117,38.9388764655292,34.2965588702256,52.8658803958489,35.1060190454865,23.5942232499833,17.1658323061761,38.0309922219606,25.9008694800751,26.1879823072506,67.9457185683754,22.8069557054179,30.588895989185,35.7413175480111,34.855165863917,59.6832766606415,51.8614375864645,22.6809356148327,35.1938772855557,38.1150742924384,47.7462381726481,31.8013360364692,22.7259540153739,62.6316518553774,49.6142555683195,37.0288058520355,27.9628269961585,49.9762185493364,25.0938034441542,28.9317218274363,41.8726492397601,38.5278879232444,47.3134639470229,51.7180844865449,38.5236011150744,54.4741907956102,2245.97182300511,2863.79738540377,3801.35635218342,2257.71309095997,2814.99682701061,2953.54870396194,1181.43443931107,3238.13953003372,3160.11841728368,2094.31350227552,2050.1483775411,1343.35187400359,1647.11785776078,2793.33707363453,2129.69219758474,2032.97966467087,1686.84181753343,2405.95149639059,3145.26759545865,1221.68128592028,1753.41335094495,2275.23898800015,2982.83105667212,1862.00380112951,2662.0217329808,2898.93781214511,1913.75551364405,2256.12021977123,1690.33141204599,1552.15151610476,2332.43953651103,1623.80808699621,2214.12494179264,1570.01480116005,2003.40722891711,2659.12815068002,1578.71991659801,1969.85163821704,2065.90079454393,825.019917593022,2264.49022225136,2212.52714397286,1462.83177369771,1432.07970222824,938.674177522956,1149.08682392852,1953.79998363122,1489.79717897171,1420.70427693517,1179.39981026146,1680.68371822599,2201.16312898442,852.303932576503,1225.51792379188,1589.95722902002,2087.19323329906,1300.63699041829,1860.00662165504,2027.39078646803,1335.41077312104,1578.37791778331,1181.4055863185,1083.74878746211,1631.70223618641,1133.72220187454,1548.08165691569,2214.12494179264,1548.08165691569
t217,40.0900319472893,35.4486005618373,53.8911679838886,35.0664684221632,25.283469000342,18.155742132424,42.2351113231795,28.1516436150057,28.8298631432947,68.3613537823404,25.1581202199965,30.1922531728562,35.7366380797139,35.5333421276123,64.3998956424272,44.3092284750968,24.5087504890684,38.0372087457912,42.4781724994119,49.517962751258,32.217853695318,24.6568131153564,63.0901304312053,47.7776567697843,42.3580053324094,29.6829969221814,47.0524126755403,28.2843573836725,25.7604455071734,46.4313802829515,37.9857195082538,47.1045642859672,53.3263695160856,38.5676864627075,47.5686018096447,2262.28490125789,2987.4133371191,3883.52493234203,2153.75191434814,2852.61319243795,2831.30599459628,1165.9982742088,3087.56882544668,3312.16742874308,2137.75640062163,2097.81062933968,1276.74101621554,1747.9738589042,2706.19915629248,2131.96508441764,1930.73540564979,1643.51736369283,2396.47610793254,3021.67451581763,1219.01419152316,1776.3345611323,2115.89108257186,2992.77832701585,1912.12412695266,2681.6045488514,2890.42332035885,1857.61020450842,2323.95161799066,1741.19038985872,1594.37740891716,2340.2586290242,1790.82974376195,2216.25715054676,1516.38471556555,2003.62091443657,2605.35624606144,1443.96584335085,1914.67128439751,1899.34814205148,780.167907258204,2071.03999832709,2225.13382981344,1431.00588533444,1403.46969177112,854.838383069887,1167.32207204801,1815.00590049464,1429.82549978135,1293.15395223067,1101.42482835023,1604.330081267,2027.96128605772,814.581136778323,1189.62504131282,1416.90636539936,2008.67604737173,1279.60404312814,1795.74000875174,1938.34295376487,1241.32866718891,1559.26817691921,1166.27326717051,1066.02153926979,1570.0206739391,1197.49268032298,1485.47191470185,2216.25715054676,1485.47191470185
t317,41.8034186606052,36.9118701584885,56.2861672263755,37.8386168269437,27.1457147683739,20.0654008585602,42.3861538444251,29.852173867326,27.780018543902,71.4057785850769,26.8768675345136,34.4570962467675,36.2982478571379,35.8545862484825,66.5738157527915,49.547497227,24.9977536602186,38.1109754241398,43.8099194546221,52.0203085087129,35.1934367680653,24.5713338136839,64.1625286594614,51.9844644710213,42.4928758559682,27.8441281653733,46.2211780027115,27.0475732750537,30.7700198069413,49.0455513995769,40.1449650964676,47.6003338111345,56.5741321091239,39.8682790743278,51.4527013303993,2136.52436548092,2893.03094571424,3890.87103716021,2174.04617501413,2787.06288300015,2978.82070987471,1130.51775165138,3203.57390576656,3222.23546700513,2190.74801932087,2100.31104170835,1223.17192482492,1796.07270141227,2777.71203253115,2194.69632969102,1947.46431640454,1653.80116031295,2373.24148736347,3182.9684288215,1221.66643292205,1754.50171953458,2060.46291161438,3142.41393930624,2045.00196050323,2602.71848176151,2811.26871288468,1777.49319780521,2215.61496440489,1820.96274568517,1562.53556964492,2302.51178538181,1713.37598305255,2219.66148648642,1423.29045040666,1929.45965256077,2594.54898087457,1449.33921821236,1859.21172907157,1986.41005071767,752.4872236953,2135.80228721838,2150.99590110618,1458.46948194167,1398.16871970383,814.601570007572,1194.25458353224,1851.73368436136,1463.48036385009,1297.27696774252,1102.15864334532,1580.51695926771,2123.60491951622,812.187907166791,1168.89054371294,1371.82833775575,2096.32482582357,1362.02061895409,1733.27093523448,1874.10393754899,1181.87731178893,1477.94659169189,1212.77496590678,1039.62204170861,1535.43017778042,1139.973057794,1479.34556171363,2219.66148648642,1479.34556171363
t417,41.038419934997,36.3798713651138,54.9594191156081,37.1091728784037,25.1720815751696,17.5862299108335,40.2280539670375,28.3393123203588,25.6502631591505,71.3273881426475,25.1485326199395,37.8567834579732,37.9523931759442,36.2609035500218,65.5950234575567,50.1285038621299,25.5908715096139,37.3682507715375,40.6035720887423,51.5641730652304,31.3231301851344,24.3071283763029,64.5059872131362,47.6232551070182,40.2051569813593,29.1679455953696,46.7694020219249,25.8060384399259,26.3908157395328,48.69199283667,40.2227400077875,46.5414833844428,54.3586736894415,39.8920310225932,49.3335596436483,2176.07910230795,3004.35366022578,3903.75812576753,2295.64368718154,2864.07001856994,3034.40442924924,1146.73263982053,3151.66960636545,2959.87567121404,2109.65928543207,2256.56862591271,1223.47280398128,1734.86077228569,2791.11610657707,2182.4119858309,2027.88111345942,1634.42597843769,2610.26129868485,3087.03676217195,1219.9719404393,1810.16122784947,2233.05721197274,3151.68008279486,1940.61178042696,2709.36922642568,2953.20587862014,1823.6849948927,2318.8583978087,1810.41223542042,1599.77960169311,2370.9937852617,1745.89440795916,2230.68220098991,1558.84370362154,2153.58557871287,2797.79744397993,1645.1582273746,2053.13842394793,2174.82935640459,821.281839705686,2258.46420773611,2122.49781315655,1510.83632707072,1616.14371985268,876.338298705905,1241.59180045505,2000.49873086445,1564.28241283343,1452.4332471427,1171.05561216468,1869.83119629506,2213.08670905974,873.341092997911,1296.6330702427,1599.4919269362,2259.37984284527,1390.0431814797,1940.46565462297,2116.27476782467,1305.41968889677,1662.27894886244,1297.01866121104,1145.3792814372,1699.35731006213,1250.0667876987,1598.38280957526,2230.68220098991,1598.38280957526
t118,39.1348002262469,34.8043481378848,51.9610156299603,35.6273621383291,22.8531066418061,19.1754805285986,40.4349320652773,28.0467647256303,26.0116584132756,68.2973956501126,25.6468371507601,31.0870685913526,38.1262249652176,31.0016740570718,63.0943120841382,48.1310246359799,23.7431767325553,35.7409224354405,39.3033096975259,53.1835373313907,29.947326939994,25.1877382284338,63.7432988212672,47.1510447016035,32.284692503242,29.0697925846812,47.8122709300778,22.5131868652837,27.4083309377572,46.1959540458606,38.3690500779108,46.7685228690397,51.5031865076306,39.0115979727844,52.0670450041769,2280.40934198056,3210.93149987999,3957.51741311952,2293.12122095201,2869.49062808132,3238.45120930121,1220.48070934311,3126.83376821097,3350.96791442885,2142.01369149389,2384.56724855603,1337.30577291264,1787.52176822001,2923.48257605221,2306.47077244323,2129.11391706248,1678.64215373212,2646.07020647274,3122.63547168045,1267.52682748559,1948.81063236866,2616.70703544688,3089.07244039799,2041.59154266817,2918.17754723917,2960.12317709607,1897.64476012096,2489.45260927539,1877.41182903712,1708.03061147628,2346.55039478391,1682.19316286081,2346.75883083521,1522.67321805957,2145.29741849189,2643.73384999587,1531.7622007495,1917.20524036842,2163.42934394121,814.774335401066,2088.47328315685,2239.60592281619,1430.08095030444,1591.96390349574,892.846039136899,1192.60290824203,1952.88855492143,1540.78331602938,1421.61361759488,1121.04402424757,1766.70103911042,2086.47470115005,845.875857005657,1301.36071026054,1747.21642259464,2064.04939803459,1363.0508879913,1948.27436943767,1977.18230787868,1266.30139635516,1663.28676278178,1253.75236219231,1139.92644674428,1567.60836903287,1122.69084839114,1567.371984689,2346.75883083521,1567.371984689
t218,38.4684706224378,33.9819486433488,51.8797975460419,31.672738323109,21.3841739100707,16.3624881935201,41.1382501462907,26.1989711487171,25.2631051653614,69.1466168931046,25.0063262623208,30.3606027739603,35.0349389269596,32.2187716515801,60.0812690811418,47.1963423213255,24.8687146750817,35.7992404809468,36.6076954300687,51.9725567442848,29.261923713757,22.5788846904336,61.7856046053701,45.310031660254,35.1298827318385,28.2470965058995,43.7548600173618,26.2806852993042,27.4675562981446,44.4707996304626,35.0949782596708,45.127076790432,52.2344331577549,35.6600156106747,49.2612154786763,2375.45072091083,3366.24002625289,4124.43855186549,2398.05169534687,2991.44699793267,3208.85569094555,1228.311201104,3275.66946374897,3380.36968343906,2235.0156135719,2425.86842323209,1350.73521217978,1809.47017638527,2850.35246333497,2343.7035412129,2203.57376083521,1667.62431176066,2676.13704336232,3315.08494148274,1328.4739053843,1917.57872980825,2585.57369769755,3281.69924344245,2135.41300392195,2818.1135371256,3078.81282307694,1952.61419772696,2588.05595630574,1893.94927639937,1728.05551012998,2453.7521152361,1759.72465816157,2389.18166522137,1551.9551007294,2199.95682365984,2695.08020500909,1567.00322444364,1955.0292765846,2096.86034482773,802.29726747856,2140.49757214231,2209.70514191104,1459.84799091661,1584.49690716344,882.255466883482,1181.4821114783,1862.62399081095,1531.54755326365,1439.41970463769,1089.58173825958,1748.16598117302,2166.59771103431,867.431700040104,1252.68513521236,1688.97694808858,2144.84447094887,1394.90278537349,1840.98996646896,2011.72365897284,1274.84590018311,1691.39311969627,1237.29946205382,1128.51983475779,1603.35413739308,1149.07470093889,1561.03170903897,2389.18166522137,1561.03170903897
t318,39.2866195704771,34.8497290008914,52.34868738491,34.809085513727,23.4428657799275,19.724253598901,42.0061434468815,27.9214777262333,25.4492053340913,67.7688416282901,24.3738563109388,31.0920068847222,37.6818472174285,33.6320782061133,65.3577647010217,46.3210012694809,24.8724288911376,35.907602477888,37.3129845938627,55.260500251558,33.714154141003,22.8567758287066,63.9570253765129,47.3045725164637,35.747276398319,27.6711538586178,46.6830491789798,29.1753414958004,29.5717378821516,47.4009650252687,36.5797235259419,46.1835463444901,50.2949210761658,36.5122834943385,48.1879124010786,2319.52303291312,3173.70377286125,4075.42894727573,2391.39932025103,2986.80031129565,3440.75405386201,1248.99342774102,3290.82394063725,3353.28875988872,2159.24510770455,2402.15853149685,1284.7997252504,1918.30356088248,2910.87577708589,2323.80177402298,2183.0147716812,1628.70003635656,2651.29924752901,3400.53336040601,1297.42284215129,1974.77517050995,2548.13800737854,3381.71804674284,2101.09236568476,2777.61076332865,3004.97400258395,1867.67586340209,2646.28913903208,1914.07322128685,1814.53972241997,2511.99921716942,1841.44824297959,2392.21320746734,1490.67435035882,2041.88433233584,2621.17427469597,1538.29400798145,1921.79891763104,2213.06934752301,802.317774947973,2116.83575028218,2159.04335688615,1387.07055699095,1543.01105141647,825.534012824478,1230.45976944114,1872.28158999138,1494.70462717528,1402.30900985672,1047.00177773639,1703.63364521643,2188.5633752753,832.798664428468,1268.90605744717,1637.0848730942,2176.46541474484,1350.08209137066,1785.1192345733,1932.37395130593,1198.24963791472,1702.9479298727,1230.23022090014,1165.15182032752,1615.58534023312,1182.15721746424,1538.07930549024,2392.21320746734,1538.07930549024
t418,39.8016191335122,35.0955797262897,53.7483311081442,34.7126105862948,22.4002882272215,19.413542095866,41.9721950689693,27.4900423213504,24.8735181806241,70.3140295378836,25.3805348440293,32.0563113503275,36.3315828522035,32.873257304324,62.8224954726269,46.6148405390767,27.0437679665368,37.2723337331175,38.0396386286251,54.9282894317816,34.4065226081027,24.7275551980434,64.0218108542613,45.9823835828736,35.5435340770633,27.0592250358184,46.4378810977464,27.5165256204857,29.7377008802079,48.797864857152,36.1943169889342,47.0189191158545,52.4220047180922,35.6505189782472,49.8872163608052,2365.31918728445,3260.44990965742,4291.74365746463,2367.45223905724,3037.56887989493,3343.87295243461,1220.08285228409,3240.95679712383,3289.97893115701,2295.97694540935,2411.77320866221,1346.01800756355,1902.11932171289,2961.35839800103,2340.05245278123,2234.41117220705,1638.20741736435,2592.57929001387,3310.70261175032,1349.21543459139,1995.23186427078,2609.58215813701,3379.40582430496,2176.34230442274,2792.35326962957,3208.05185269004,1899.14705107369,2581.02092470567,1880.38093398235,1722.85040074794,2666.34236207714,1837.86146813485,2406.18997189758,1573.63117373533,2170.83188477438,2856.67950083134,1575.83459151578,2022.54590086433,2225.86131804522,811.402112199322,2157.50678270177,2191.67589854396,1526.87901915115,1603.9368427537,895.192772011913,1263.78565909649,1971.23073955289,1557.6671509619,1485.86718164731,1090.00764107609,1724.6494942153,2204.67853995311,896.63112862947,1327.05815188562,1735.63290415184,2250.52499432378,1447.48060920351,1857.45433322152,2135.40025211677,1261.91488755823,1718.63780644415,1250.93394878213,1145.20138143308,1774.70132405134,1221.54874783348,1601.22012866919,2406.18997189758,1601.22012866919
