ent,mun,pobi
1,1,0.0086161
1,2,0.0006457
1,3,0.0038717
1,4,0.0010914
1,5,0.00544
1,6,0.0038302
1,7,0.0047711
1,8,0.0037095
1,9,0.0046354
1,10,0.0014818
1,11,0.0050372
2,1,0.0997659
2,2,0.0119909
2,3,0.0254673
2,4,0.0226746
2,5,0.0398619
3,1,0.0235792
3,2,0.1042695
3,3,0.0156759
3,8,0.0379635
3,9,0.014541
4,1,0.8080726
4,2,0.1568413
4,3,0.0420333
4,4,0.2240481
4,5,0.69065
4,6,0.6373317
4,7,0.0185041
4,8,0.4732302
4,9,0.1606237
4,10,0.4034267
4,11,0.1228834
5,1,0
5,2,0.0075638
5,3,0.002781
5,4,0.0024924
5,5,0.002907
5,6,0.001247
5,7,0.0035435
5,8,0.000975
5,9,0.00305
5,10,0.0030868
5,11,0.0011226
5,12,0.0188568
5,13,0
5,14,0.0001953
5,15,0
5,16,0.001128
5,17,0.0008628
5,18,0.0027952
5,19,0.0029073
5,20,0.0056294
5,21,0.0004536
5,22,0.0054727
5,23,0.0014566
5,24,0.0023884
5,25,0.0067361
5,26,0.002724
5,27,0.0114836
5,28,0.0063757
5,29,0
5,30,0.0048023
5,31,0.0031797
5,32,0.0049038
5,33,0.0025061
5,34,0.0017172
5,35,0.0044105
5,36,0.0006033
5,37,0.0014169
5,38,0.0036962
6,1,0.0164533
6,2,0.0086213
6,3,0.012254
6,4,0.0037132
6,5,0.0082456
6,6,0.0072372
6,7,0.0207759
6,8,0.0052309
6,9,0.0248719
6,10,0.0055783
7,1,0.0060834
7,2,0.113321
7,3,0.0052502
7,4,0.82876
7,5,0.3137792
7,6,0.0474749
7,7,0.8328457
7,8,0.0461615
7,9,0.0097971
7,10,0.014545
7,11,0.0245259
7,12,0.0739337
7,13,0.6453982
7,14,0.9869061
7,15,0.0473747
7,16,0.0367419
7,17,0.0975431
7,18,0.2359392
7,19,0.0730541
7,20,0.1062601
7,21,0.1804587
7,22,0.9992858
7,23,0.9993702
7,24,0.9990969
7,25,0.9327577
7,26,0.9973013
7,27,0.0891207
7,28,0.0415325
7,29,0.1264
7,30,0.0117718
7,31,0.9811983
7,32,0.0120043
7,33,0.8592194
7,34,0.0298627
7,35,0.0027053
7,36,0.0589486
7,37,0.0073964
7,38,0.9566984
7,39,0.6803038
7,40,0.0117426
7,41,0.0746252
7,42,0.4762828
7,43,0.3475678
7,44,0.2648357
7,45,0.1731055
7,46,0.0844563
7,47,0.7982627
7,48,0.0618226
7,49,0.9988279
7,50,0.0465921
7,51,0.0095135
7,52,0.5093591
7,53,0.1073497
7,54,0.008174
7,55,0.0067909
7,56,0.999664
7,57,0.0541889
7,58,0.0140779
7,59,0.8737648
7,60,0.9963223
7,61,0.244954
7,62,0.070278
7,63,0.1279196
7,64,0.994743
7,65,0.568925
7,66,0.9727409
7,67,0.6738629
7,68,0.0365513
7,69,0.0102943
7,70,0.1078536
7,71,0.004178
7,72,0.5916348
7,73,0.5461474
7,74,0.0158523
7,75,0.1430593
7,76,0.9058728
7,77,0.89878
7,78,0.4774919
7,79,0.0379298
7,80,0.0097181
7,81,0.8658088
7,82,0.9822305
7,83,0.1506014
7,84,0.3322197
7,85,0.4130009
7,86,0.0087738
7,87,0.006882
7,88,0.0166448
7,89,0.0303714
7,90,0.9940088
7,91,0.1509273
7,92,0.2886575
7,93,0.9988989
7,94,0.5500405
7,96,0.9874926
7,97,0.0143533
7,98,0.1490939
7,99,0.1303873
7,100,0.9933829
7,101,0.0593159
7,102,0.0030127
7,103,0.0247205
7,104,0.0312092
7,105,0.0474267
7,106,0.2762387
7,107,0.0831994
7,108,0.0280446
7,109,0.8264478
7,110,0.1198278
7,111,0.9982973
7,112,0.9994545
7,113,0.999106
7,114,0.3971673
7,115,0.5831595
7,116,0.6250437
7,117,0.0188753
7,118,0.9872167
7,119,1
8,1,0.0059675
8,2,0.0168006
8,3,0.0255971
8,4,0.0186904
8,5,0.0219499
8,6,0.0076348
8,7,0.5665716
8,8,0.6018248
8,9,0.3070694
8,10,0
8,11,0.0152214
8,12,0
8,13,0.0088348
8,14,0.0052481
8,15,0.0451306
8,16,0.016835
8,17,0.0468833
8,18,0.0513714
8,19,0.0166435
8,20,0.0889215
8,21,0.0126245
8,22,0.0385387
8,23,0.0848696
8,24,0
8,25,0.0059517
8,26,0.0348743
8,27,0.6670692
8,28,0.0015175
8,29,0.3935863
8,30,0.2211603
8,31,0.0572394
8,32,0.0255776
8,33,0.0556723
8,34,0.0020281
8,35,0.0363587
8,36,0.0164956
8,37,0.0115082
8,38,0.0155126
8,39,0.0184677
8,40,0.0194643
8,41,0.341494
8,42,0.0242338
8,43,0.0128335
8,44,0.014642
8,45,0.009318
8,46,0.3239708
8,47,0.04007
8,48,0.0217588
8,49,0.1507381
8,50,0.0111651
8,51,0.0249703
8,52,0.0150499
8,53,0.0040102
8,54,0.0144309
8,55,0.0133759
8,56,0.0198216
8,57,0.1034644
8,58,0.0084986
8,59,0.0100275
8,60,0.0238784
8,61,0.0091801
8,62,0.0054174
8,63,0
8,64,0.0895698
8,65,0
8,66,0.1901871
8,67,0.0096172
9,2,0.0228233
9,3,0.0280256
9,4,0.0264828
9,5,0.0331737
9,6,0.0220086
9,7,0.0442756
9,8,0.031609
9,9,0.1091374
9,10,0.0282713
9,11,0.0376169
9,12,0.0466945
9,13,0.0568697
9,14,0.0232238
9,15,0.0291145
9,16,0.0171112
9,17,0.026747
10,1,0.0035614
10,2,0.0072603
10,3,0.0059226
10,4,0.0040661
10,5,0.0132483
10,6,0
10,7,0.0018055
10,8,0.0040136
10,9,0.0273069
10,10,0.0049505
10,11,0.0160341
10,12,0.0018133
10,13,0.0023394
10,14,0.8634952
10,15,0.0024697
10,16,0.0036052
10,17,0.0390927
10,18,0.0104384
10,19,0.0016713
10,20,0.0013832
10,21,0.0030214
10,22,0.0038033
10,23,0.0895928
10,24,0.0019183
10,25,0.0227769
10,26,0.0045917
10,27,0.0017973
10,28,0.0014121
10,29,0.0004815
10,30,0
10,31,0.0007053
10,32,0.0104987
10,33,0.0640076
10,34,0.0008986
10,35,0.0253165
10,36,0.0010483
10,37,0.0013902
10,38,0.0215452
10,39,0.0026761
11,1,0.002275
11,2,0.0032999
11,3,0.0068836
11,4,0.0024542
11,5,0.0042654
11,6,0.0031201
11,7,0.0074205
11,8,0.0030902
11,9,0.0070121
11,10,0.0043918
11,11,0.0018966
11,12,0.0019421
11,13,0.0005781
11,14,0.0037275
11,15,0.0033489
11,16,0.0025418
11,17,0.0058954
11,18,0.0014058
11,19,0.0010805
11,20,0.0051108
11,21,0.0008734
11,22,0.0029327
11,23,0.001853
11,24,0.0023585
11,25,0.0052884
11,26,0.0017368
11,27,0.0018699
11,28,0.0040741
11,29,0.0021176
11,30,0.0037309
11,31,0.0067191
11,32,0.003452
11,33,0.0352649
11,34,0.0058924
11,35,0.0019384
11,36,0.0008792
11,37,0.0027273
11,38,0.0011423
11,39,0.0012258
11,40,0.025
11,41,0.0013225
11,42,0.0017873
11,43,0.0056035
11,44,0.0076832
11,45,0.002062
11,46,0.0023795
12,1,0.045814
12,2,0.3130911
12,3,0.0040908
12,4,0.9538414
12,5,0.2637825
12,6,0.0168474
12,7,0.0157613
12,8,0.2028404
12,9,0.9985391
12,10,0.7475746
12,11,0.0274916
12,12,0.4763469
12,13,0.1720148
12,14,0.016386
12,15,0.0222791
12,16,0.0034578
12,17,0.0112952
12,18,0.0522931
12,19,0.8807346
12,20,0.9814778
12,21,0.0137342
12,22,0.0028204
12,23,0.1095504
12,24,0.5374559
12,25,0.0317393
12,26,0.0354013
12,27,0.0049124
12,28,0.3955585
12,29,0.0627888
12,30,0.0282426
12,31,0.0036332
12,32,0.013203
12,33,0.2542029
12,34,0.1147625
12,35,0.0464592
12,36,0.3536853
12,37,0.0019421
12,38,0.0370842
12,39,0.0173564
12,40,0.0035684
12,41,0.9849125
12,42,0.4947641
12,43,0.9983553
12,44,0.0162327
12,45,0.5402425
12,46,0.3941988
12,47,0.0021793
12,48,0.0182093
12,49,0.0028682
12,50,0.0178429
12,51,0.1139008
12,52,0.6580797
12,53,0.0203846
12,54,0.0047751
12,55,0.0332331
12,56,0.0273434
12,57,0.0124812
12,58,0.0305523
12,59,0.1788664
12,60,0.0027289
12,61,0.2671324
12,62,0.8849853
12,63,0.933969
12,64,0.0024186
12,65,0.2901309
12,66,0.7456887
12,67,0.0002728
12,68,0.0041616
12,69,0.9615384
12,70,0.0251354
12,71,0.9473976
12,72,0.9780768
12,73,0.0009887
12,74,0.6794595
12,75,0.207031
12,76,0.997668
12,77,0.0880553
12,78,0.9991874
12,79,0.9906008
12,80,0.0803854
12,81,0.9761562
13,1,0.0125451
13,2,0.5160598
13,3,0.1080473
13,4,0.0171128
13,5,0.0128275
13,6,0.3942062
13,7,0.00556
13,8,0.0063263
13,9,0.0496624
13,10,0.0110501
13,11,0.9215657
13,12,0.0083476
13,13,0.0192667
13,14,0.4438618
13,15,0.7957704
13,16,0.0150255
13,17,0.013489
13,18,0.1384333
13,19,0.6607959
13,20,0.0149981
13,21,0.0097808
13,22,0.0191928
13,23,0.0671276
13,24,0.0117893
13,25,0.9385238
13,26,0.9058344
13,27,0.6643965
13,28,0.7702491
13,29,0.029461
13,30,0.6216338
13,31,0.0167177
13,32,0.9766458
13,33,0.024453
13,34,0.3173026
13,35,0.0266079
13,36,0.0096429
13,37,0.1301278
13,38,0.0192734
13,39,0.0057377
13,40,0.0134136
13,41,0.063149
13,42,0.0253733
13,43,0.7698762
13,44,0.0043797
13,45,0.0104815
13,46,0.7875334
13,47,0.0354155
13,48,0.0809338
13,49,0.0192761
13,50,0.0741973
13,51,0.0671612
13,52,0.0240583
13,53,0.504951
13,54,0.4305005
13,55,0.8359559
13,56,0.0397136
13,57,0.0108408
13,58,0.6101933
13,59,0.1684982
13,60,0.4603538
13,61,0.0127085
13,62,0.5535284
13,63,0.0472885
13,64,0.0224113
13,65,0.0130764
13,66,0.0122452
13,67,0.0323907
13,68,0.5181854
13,69,0.0555751
13,70,0.019805
13,71,0.0138782
13,72,0.0077354
13,73,0.6872674
13,74,0.0140049
13,75,0.0262356
13,76,0.0192863
13,77,0.0728508
13,78,0.9962029
13,79,0.0320529
13,80,0.9321557
13,81,0.1062788
13,82,0.0220824
13,83,0.0227623
13,84,0.2158155
14,1,0.0025546
14,2,0.0047617
14,3,0.0009845
14,4,0.0022284
14,5,0.0006517
14,6,0.0090565
14,7,0.0023355
14,8,0.0033326
14,9,0.0023116
14,10,0.001191
14,11,0.0020091
14,12,0.0035907
14,13,0.0009921
14,14,0.0055663
14,15,0.032936
14,16,0.0022127
14,17,0.0038545
14,18,0.0015679
14,19,0.635472
14,20,0.003203
14,21,0.0072276
14,22,0.0242131
14,23,0.0037563
14,24,0.0029228
14,25,0.0278757
14,26,0.0021353
14,27,0.0217224
14,28,0.0004717
14,29,0.0022247
14,30,0.0061689
14,31,0.0484777
14,32,0.0026221
14,33,0.0031659
14,34,0
14,35,0.001027
14,36,0.0017635
14,37,0.0073215
14,38,0.000478
14,39,0.0077999
14,40,0.0070689
14,41,0.0090538
14,42,0.1120974
14,43,0.0048447
14,44,0.0102554
14,45,0.0040378
14,46,0.004204
14,47,0.007999
14,48,0.0041091
14,49,0.0026218
14,50,0.0044496
14,51,0.0033417
14,52,0.0023058
14,53,0.0013092
14,54,0
14,55,0.0047255
14,56,0.0004931
14,57,0.0005423
14,58,0.0020032
14,59,0.0043481
14,60,0.0019654
14,61,0.7626465
14,62,0.0017016
14,63,0.004273
14,64,0.0031523
14,65,0.0018763
14,66,0.0062567
14,67,0.0193259
14,68,0.0059791
14,69,0.0025063
14,70,0.0075557
14,71,0.0218158
14,72,0.001905
14,73,0.0024238
14,74,0.0083071
14,75,0.0013217
14,76,0.0454837
14,77,0.0024841
14,78,0.0007282
14,79,0.0046925
14,80,0.0026582
14,81,0.0029674
14,82,0.0100332
14,83,0.0122068
14,84,0.0058178
14,85,0.0051307
14,86,0.0018456
14,87,0.001327
14,88,0.0018543
14,89,0.0002701
14,90,0.0017131
14,91,0.0040215
14,92,0.0025201
14,93,0.0032833
14,94,0.0048085
14,95,0.003955
14,96,0.0060112
14,97,0.0117665
14,98,0.0129029
14,99,0.0077595
14,100,0.0246204
14,101,0.0090821
14,102,0.0016779
14,103,0.0047986
14,104,0.0122393
14,105,0.0010358
14,106,0.0586427
14,107,0.0063353
14,108,0.0129723
14,109,0.0035724
14,110,0.0043136
14,111,0.0002889
14,112,0.0083503
14,113,0.0188761
14,114,0.0028052
14,115,0.073657
14,116,0.002567
14,117,0.0029197
14,118,0.0008855
14,119,0.0021627
14,120,0.0204801
14,121,0.0140116
14,122,0.0035577
14,123,0.0035768
14,124,0.0044075
14,125,0.0077037
15,1,0.3197595
15,2,0.0351921
15,3,0.1220373
15,4,0.0040415
15,5,0.0167218
15,6,0.0121337
15,7,0.1850501
15,8,0.0013529
15,9,0.010785
15,10,0.0089277
15,11,0.0479709
15,12,0.0308211
15,13,0.0448694
15,14,0.3282742
15,15,0.0057521
15,16,0.0148688
15,17,0.007807
15,18,0.0103581
15,19,0.0084519
15,20,0.0184278
15,21,0.0039101
15,22,0.0389899
15,23,0.0369768
15,24,0.0193982
15,25,0.0597932
15,26,0.266358
15,27,0.0090105
15,28,0.0233204
15,29,0.0338695
15,30,0.0594683
15,31,0.0936128
15,32,0.3021471
15,33,0.0440567
15,34,0.0048863
15,35,0.0426194
15,36,0.0122876
15,37,0.0405327
15,38,0.0397407
15,39,0.066938
15,40,0.0066944
15,41,0.0812841
15,42,0.3707633
15,43,0.0327337
15,44,0.0214915
15,45,0.0116005
15,46,0.0297165
15,47,0.2216944
15,48,0.1013616
15,49,0.0194847
15,50,0.0064476
15,51,0.0677036
15,52,0.0061859
15,53,0.0512493
15,54,0.016258
15,55,0.0153173
15,56,0.36739
15,57,0.0684728
15,58,0.0353728
15,59,0.0431856
15,60,0.062382
15,61,0.0094866
15,62,0.0590422
15,63,0.0935189
15,64,0.306858
15,65,0.0096388
15,66,0.0028409
15,67,0.2290373
15,68,0.0079
15,69,0.003785
15,70,0.1213891
15,71,0.0092412
15,72,0.0039967
15,73,0.0088138
15,74,0.5896618
15,75,0.0206602
15,76,0.007297
15,77,0.0021631
15,78,0.0041314
15,79,0.0066968
15,80,0.0336911
15,81,0.0304367
15,82,0.0029178
15,83,0.0619994
15,84,0.027575
15,85,0.3421007
15,86,0.1390092
15,87,0.5505229
15,88,0.0046685
15,89,0.0192462
15,90,0.0160685
15,91,0.0119968
15,92,0.0368817
15,93,0.0175684
15,94,0.018596
15,95,0.0179303
15,96,0.0127093
15,97,0.0019785
15,98,0.0329775
15,99,0.0490719
15,100,0.0568795
15,101,0.029528
15,102,0.1299157
15,103,0.0109728
15,104,0.0379616
15,105,0.0037496
15,106,0.0805508
15,107,0.0067348
15,108,0.0402112
15,109,0.0307939
15,110,0.0203644
15,111,0.1884843
15,112,0.0416534
15,113,0.0038422
15,114,0.1331492
15,115,0.0685435
15,116,0.0021755
15,117,0.0010028
15,118,0.0193884
15,119,0.0044308
15,120,0.016758
15,121,0.0214842
15,122,0.0808467
15,123,0.0010768
15,124,0.3361917
15,125,0.0501645
16,1,0.0043764
16,2,0.0110229
16,3,0.002217
16,4,0.0020404
16,5,0.0030576
16,6,0.0111423
16,7,0.0018645
16,8,0.4600225
16,9,0.002052
16,10,0.0035234
16,11,0.0002648
16,12,0.0269906
16,13,0.0002109
16,14,0.022582
16,15,0.0119822
16,16,0.2267579
16,17,0.0047378
16,18,0.0007649
16,19,0.0041014
16,20,0.0028301
16,21,0.5775479
16,22,0.0051873
16,23,0.0103334
16,24,0.479587
16,25,0.6222364
16,26,0.0472973
16,27,0.0021935
16,28,0.0033892
16,29,0.0011647
16,30,0.0025023
16,31,0.0067982
16,32,0.4154732
16,33,0.003347
16,34,0.0016963
16,35,0.0025699
16,36,0.0021326
16,37,0.0012356
16,38,0.0028419
16,39,0.0024893
16,40,0.0020012
16,41,0.0037463
16,42,0.0007862
16,43,0.024934
16,44,0.001851
16,45,0.0075873
16,46,0.0039619
16,47,0.0039911
16,48,0.001795
16,49,0.005269
16,50,0.0052748
16,51,0.0062545
16,52,0.0188443
16,53,0.0191341
16,54,0.0012811
16,55,0.0075851
16,56,0.4717889
16,57,0.0040268
16,58,0.0684869
16,59,0.0053831
16,60,0.0034715
16,61,0.0067557
16,62,0.0053498
16,63,0.0045845
16,64,0.0101907
16,65,0.4793669
16,66,0.1007774
16,67,0.0037825
16,68,0.0078327
16,69,0.0061715
16,70,0.0092429
16,71,0.0072438
16,72,0.003686
16,73,0.3331778
16,74,0.0044019
16,75,0.1881445
16,76,0.0039432
16,77,0.0055478
16,78,0.0003209
16,79,0.0067557
16,80,0.0043351
16,81,0.0572467
16,82,0.0071092
16,83,0.0062058
16,84,0.4233292
16,85,0.0665655
16,86,0.0134836
16,87,0.0059383
16,88,0.0116603
16,89,0.0047815
16,90,0.1607595
16,91,0.0677126
16,92,0.0018935
16,93,0.0067655
16,94,0.0029023
16,95,0.0057529
16,96,0.0020153
16,97,0.0327483
16,98,0.0037631
16,99,0.0006501
16,100,0.3301691
16,101,0.0025652
16,102,0.1013267
16,103,0.0013356
16,104,0.0045439
16,105,0.0038305
16,106,0.0136607
16,107,0.0372197
16,108,0.0204987
16,109,0.0028125
16,110,0.0012466
16,111,0.0272508
16,112,0.0660944
16,113,0.003357
17,1,0.0090029
17,2,0.0949318
17,3,0.0314663
17,4,0.0554367
17,5,0.0074734
17,6,0.0614367
17,7,0.0275633
17,8,0.0351281
17,9,0.0484634
17,10,0.0266272
17,11,0.0353886
17,12,0.0151958
17,13,0.0183556
17,14,0.0104344
17,15,0.014113
17,16,0.0153929
17,17,0.1041018
17,18,0.0562152
17,19,0.0152279
17,20,0.1343884
17,21,0.0075914
17,22,0.270316
17,23,0.0199553
17,24,0.0269238
17,25,0.0188512
17,26,0.1424297
17,27,0.0366911
17,28,0.0305288
17,29,0.0314149
17,30,0.0264382
17,31,0.0134406
17,32,0.0121665
17,33,0.0183035
18,1,0.0385698
18,2,0.0081489
18,3,0.0026158
18,4,0.0210408
18,5,0.2658158
18,6,0.020941
18,7,0.0115178
18,8,0.0265074
18,9,0.9229195
18,10,0.0704994
18,11,0.179283
18,12,0.0442257
18,13,0.005334
18,14,0.0808877
18,15,0.0141791
18,16,0.0060426
18,17,0.03101
18,18,0.0096843
18,19,0.4463151
18,20,0.0280599
19,1,0.0075786
19,2,0.00328
19,3,0
19,4,0.0089075
19,5,0.0012642
19,6,0.0152276
19,7,0.0026003
19,8,0.0032688
19,9,0.0111479
19,10,0.0700151
19,11,0.0027072
19,12,0.0791291
19,13,0.0049838
19,14,0.0048373
19,15,0.0116422
19,16,0.0090877
19,17,0.0037199
19,18,0.0734204
19,19,0.0257803
19,20,0.0191641
19,21,0.0291263
19,22,0.0033795
19,23,0
19,24,0
19,25,0.0560823
19,26,0.0129701
19,27,0.0017007
19,28,0.028458
19,29,0.0031787
19,30,0.0022403
19,31,0.0464314
19,32,0.0003818
19,33,0.0029805
19,34,0.0676732
19,35,0
19,36,0.0010006
19,37,0.0024409
19,38,0.0050141
19,39,0.017056
19,40,0.0123584
19,41,0.0706911
19,42,0.0044753
19,43,0.0034091
19,44,0.0049639
19,45,0.0519818
19,46,0.0086483
19,47,0.0050593
19,48,0.0260747
19,49,0.0367864
19,50,0.0006127
19,51,0.0012255
20,1,0.9988662
20,2,0.2032561
20,3,1
20,4,0.011828
20,5,0.7279047
20,6,0.2418893
20,7,0.9941176
20,8,0.2295514
20,9,0.8770769
20,10,0.1345521
20,11,0.4754653
20,12,0.783843
20,13,0.0115137
20,14,0.4595104
20,15,0.6462783
20,16,0.9990942
20,17,0.0139673
20,18,0.0049813
20,19,0.706544
20,20,0.6835572
20,21,0.1011597
20,22,0.4189944
20,23,0.1371024
20,24,0.4542959
20,25,0.1238062
20,26,0.7020737
20,27,0.8431808
20,28,0.0495816
20,29,0.991052
20,30,0.7044898
20,31,0.9957758
20,32,0
20,33,0.1202124
20,34,0.0435154
20,35,0.4482109
20,36,0.8156776
20,37,0.5059361
20,38,0.991132
20,39,0.1657704
20,40,0.9980949
20,41,0.9811733
20,42,0.7626995
20,43,0.8381934
20,44,0.0522573
20,45,0.0613031
20,46,0.1756113
20,47,0
20,48,0.1818182
20,49,0.3027923
20,50,0.9964508
20,51,0.9962744
20,52,0.0889367
20,53,0.4647541
20,54,0.0698795
20,55,0.0140562
20,56,0.0688202
20,57,0
20,58,0.9889287
20,59,0.1756003
20,60,0.9992263
20,61,0.0345334
20,62,0.5978947
20,63,0.0202046
20,64,0.3465132
20,65,0.961952
20,66,0.0371691
20,67,0.1896341
20,68,0.0949437
20,69,0.0102584
20,70,0.9679385
20,71,0.0675723
20,72,0.1996482
20,73,0.3428003
20,74,0.9979253
20,75,0.0624311
20,76,0.0362408
20,77,0.0801171
20,78,0.0210046
20,79,0.1389291
20,80,0.0027416
20,81,0.8767046
20,82,0.6333252
20,83,0.2417041
20,84,0.0444277
20,85,0.9825888
20,86,0.9214209
20,87,0.216659
20,88,0.0723661
20,89,0.047822
20,90,0.508917
20,91,0.2674288
20,92,0.3029925
20,93,0
20,94,0.5489749
20,95,0.9273574
20,96,0.0949721
20,97,0.9922202
20,98,0.8015819
20,99,0.0042373
20,100,0.9976304
20,101,0.2922869
20,102,0.1528691
20,103,0.3596272
20,104,0.7168074
20,105,0.9986311
20,106,0.0562249
20,107,0.2090893
20,108,0.8319385
20,109,0.1687042
20,110,0.9966307
20,111,0.9491166
20,112,0.9875702
20,113,0.4876502
20,114,0.9875195
20,115,0.1092806
20,116,0.9961495
20,117,0.9413778
20,118,0.9995961
20,119,0.9585492
20,120,0.9640719
20,121,0.4373089
20,122,0.5896226
20,123,0.0904779
20,124,0.9794089
20,125,0.5884638
20,126,0.933955
20,127,0.9492032
20,128,0.9883914
20,129,0.0833333
20,130,0.7751122
20,131,0.9889913
20,132,0.0752089
20,133,0.9799777
20,134,0.9748383
20,135,0.0756805
20,136,0.9931058
20,137,0.0556378
20,138,0.9863636
20,139,0.2312958
20,140,0
20,141,0.3627451
20,142,0.9899092
20,143,0.2379733
20,144,0.2750264
20,145,0.3326414
20,146,0.998206
20,147,0.0108992
20,148,0.9551547
20,149,0.0387059
20,150,0.0408717
20,151,0
20,152,0.7434803
20,153,0.0614144
20,154,0.5243041
20,155,0.0365482
20,156,0.820567
20,157,0.1513995
20,158,0.088574
20,159,0.0434349
20,160,0.0136592
20,161,0.0325785
20,162,0.385729
20,163,0.9553459
20,164,0.8394661
20,165,0.0072751
20,166,0.5239709
20,167,0.0515971
20,168,0.0642115
20,169,0.9968968
20,170,0.9920025
20,171,0.9974886
20,172,0.0159574
20,173,0.9774282
20,174,0.1095226
20,175,0.7334176
20,176,0.1082992
20,177,0.2835596
20,178,0.1293279
20,179,0.0473901
20,180,0.0458928
20,181,0.0181818
20,182,0.9967861
20,183,0.2133044
20,184,0.2966138
20,185,0.0638058
20,186,0
20,187,0.9972345
20,188,0.7879362
20,189,0.9937282
20,190,0.7167103
20,191,0.1030303
20,192,0.0274431
20,193,0.0308642
20,194,0.9902991
20,195,0.9934641
20,196,0.6876513
20,197,0.9411582
20,198,0.8937815
20,199,0.1137931
20,200,0.980408
20,201,0.9907834
20,202,0.6820611
20,203,0.011596
20,204,0.0724876
20,205,0.9116781
20,206,0.5883797
20,207,0.7500913
20,208,0.9934132
20,209,1
20,210,0.9933879
20,211,0.7060811
20,212,0.9993148
20,213,0.9986001
20,214,0.988378
20,215,0.072335
20,216,1
20,217,0.7261036
20,218,0.9623352
20,219,0.2688049
20,220,0.7840091
20,221,0.0447883
20,222,0.9918973
20,223,1
20,224,0.0388007
20,225,0.865268
20,226,0.1880279
20,227,0.0813473
20,228,0.9962825
20,229,0.9960351
20,230,0.0764331
20,231,0.9986491
20,232,0.9577296
20,233,0.9953917
20,234,0.998069
20,235,0.0145524
20,236,0.997431
20,237,0.0787623
20,238,0.0340776
20,239,0.0554455
20,240,0.9934726
20,241,0.0340386
20,242,0.9981219
20,243,0.021966
20,244,0.5656192
20,245,0.029249
20,246,0.9918831
20,247,0.2065849
20,248,0.9990563
20,249,0.9811843
20,250,0.0334237
20,251,0.0183566
20,252,0.9898157
20,253,0.1396353
20,254,0.1024577
20,255,0.0812283
20,256,0.0178571
20,257,0.994929
20,258,0.0575843
20,259,0.7940678
20,260,0.9981584
20,261,0.2814942
20,262,0.2819738
20,263,0.3307111
20,264,0.9909394
20,265,0.57694
20,266,0.1168381
20,267,0.8729508
20,268,0.0838264
20,269,0.8586031
20,270,0.5795247
20,271,0.9973525
20,272,0.99019
20,273,0.3662915
20,274,0.631786
20,275,0.9964281
20,276,0.7777778
20,277,0.0715493
20,278,0.8490927
20,279,0.9377111
20,280,0.823168
20,281,0.075188
20,282,0.5253772
20,283,0.0180542
20,284,0.9993649
20,285,0.5111961
20,286,0.3947535
20,287,0.0844595
20,288,0.9932547
20,289,0.0079295
20,290,0.014359
20,291,0.0353357
20,292,0.1757619
20,293,0.0973551
20,294,0.070615
20,295,0.051004
20,296,0.9348314
20,297,1
20,298,0.6082647
20,299,0.9887112
20,300,0.8256302
20,301,0.0578073
20,302,0.8468826
20,303,0.9834711
20,304,0.1768707
20,305,0.8757676
20,306,0.9411433
20,307,0.1607749
20,308,0.8912905
20,309,0.9776024
20,310,0.2852471
20,311,1
20,312,0.9810285
20,313,0.8395379
20,314,0.0256246
20,315,0.8902007
20,316,0.0678211
20,317,0.0266344
20,318,0.0853815
20,319,1
20,320,0.9565868
20,321,0
20,322,0.9860759
20,323,0.9961869
20,324,0.1814812
20,325,0.9961147
20,326,0.9863654
20,327,0.0805174
20,328,0
20,329,0.0440816
20,330,0.3969754
20,331,0.6494845
20,332,0.0379009
20,333,0.1207159
20,334,0.1387156
20,335,0.9978022
20,336,0.9935218
20,337,0.9858716
20,338,0.2089038
20,339,0.0657371
20,340,0.2309524
20,341,0.0169492
20,342,0.1232014
20,343,0.5478531
20,344,0.023525
20,345,0.1716601
20,346,0.8667592
20,347,0.254809
20,348,0.4515086
20,349,0.5902389
20,350,0.1414674
20,351,0.0163121
20,352,0.9980147
20,353,0.0185787
20,354,1
20,355,0.8005502
20,356,0.9816158
20,357,0.0328084
20,358,0.0282051
20,359,1
20,360,0.5390936
20,361,0.9977038
20,362,0.3665031
20,363,0.1185848
20,364,0.3896291
20,365,0.6975656
20,366,0.1951344
20,367,0.993722
20,368,0.0227979
20,369,0.0362506
20,370,0.2368024
20,371,0.8933074
20,372,0.9781491
20,373,0.0054645
20,374,0.99354
20,375,0.2942095
20,376,0.0196629
20,377,0.172865
20,378,0.2969343
20,379,0.9784321
20,380,0.6248237
20,381,0.0056075
20,382,0.6120071
20,383,0.051458
20,384,0.84939
20,385,0.2060029
20,386,0.7930532
20,387,0.0113246
20,388,0.0126476
20,389,0.9842437
20,390,0.2592248
20,391,0.9970247
20,392,0.7830572
20,393,0.9621271
20,394,0.994577
20,395,0.9901163
20,396,0.9962929
20,397,0.432019
20,398,0.1878678
20,399,0.2359959
20,400,0.0267857
20,401,0.1590381
20,402,0.0874419
20,403,0.176035
20,404,0.0272851
20,405,0.2981043
20,406,0.9925718
20,407,0
20,408,0.2240664
20,409,0.164723
20,410,0.5940948
20,411,0.6100861
20,412,0.7471591
20,413,0.1022986
20,414,0.4412281
20,415,0.3144289
20,416,0.1680328
20,417,0.7766519
20,418,0.1296015
20,419,0.8537074
20,420,0.9924078
20,421,0.0428101
20,422,0.6119658
20,423,0.0600858
20,424,0.365434
20,425,0.9966443
20,426,0.9933667
20,427,0
20,428,0.9745322
20,429,0.0591434
20,430,0.5194445
20,431,0.2836879
20,432,0.9933407
20,433,0.9614936
20,434,0.9992881
20,435,0.9959596
20,436,0.9979613
20,437,0.9983188
20,438,0.8140673
20,439,0.4988858
20,440,0.6293206
20,441,0.9906765
20,442,1
20,443,0.9152542
20,444,0.8540146
20,445,1
20,446,0.9973545
20,447,0.2697674
20,448,0.7027753
20,449,0.0064648
20,450,0.8862256
20,451,0.9965714
20,452,0.9637046
20,453,0.1343042
20,454,0.9989726
20,455,0.0108401
20,456,0.5510063
20,457,0.9772875
20,458,0.9937952
20,459,0.2345001
20,460,0.7286775
20,461,0.3378378
20,462,0.0142052
20,463,0.0680529
20,464,0.022792
20,465,0.9924906
20,466,0.85998
20,467,0.3876361
20,468,0.9339936
20,469,0.7982908
20,470,0.8745395
20,471,0.9799197
20,472,0.2850271
20,473,1
20,474,0.046285
20,475,0.9773784
20,476,0.0279898
20,477,0.1114187
20,478,0.0408964
20,479,0.0247525
20,480,0.9942988
20,481,0.9928572
20,482,0.3796756
20,483,0.0341445
20,484,0.2190588
20,485,0.0464464
20,486,0.0416146
20,487,0.0406015
20,488,0.0526316
20,489,0.3364037
20,490,0.9977405
20,491,0.4891008
20,492,0.8403248
20,493,0.1108987
20,494,0.9997855
20,495,0.7507256
20,496,0.2540323
20,497,0.9951746
20,498,0.502687
20,499,0.0870813
20,500,0.3861945
20,501,0.2799145
20,502,0.9974937
20,503,0.9726368
20,504,0.8621523
20,505,0.1466416
20,506,0.9933775
20,507,0.0392044
20,508,0.1776581
20,509,0.9630285
20,510,0.3312883
20,511,0.9090909
20,512,0.7390805
20,513,0.6316479
20,514,0.9980392
20,515,0.1865901
20,516,0.0443746
20,517,0.9956386
20,518,0.0227273
20,519,0.4216867
20,520,0.3107933
20,521,0.3276596
20,522,0.9902912
20,523,0.1044578
20,524,0.0350318
20,525,0.0352767
20,526,0.6662685
20,527,0.9896154
20,528,0.9887755
20,529,1
20,530,0.3790434
20,531,0.8738602
20,532,0.9981107
20,533,0.1533771
20,534,0.9538618
20,535,0.9972982
20,536,0.0266344
20,537,0.2178599
20,538,0.058296
20,539,0.0600966
20,540,0.0417802
20,541,0.9944513
20,542,0.0181818
20,543,0.7497018
20,544,0.9616142
20,545,0.3704941
20,546,0.889177
20,547,0.084855
20,548,0.0168015
20,549,0.5619902
20,550,0.8539428
20,551,0.4142826
20,552,0.0319635
20,553,0.3365008
20,554,0.9871293
20,555,0.0197889
20,556,0
20,557,0.9193327
20,558,0.3413567
20,559,0.7278735
20,560,0.9670479
20,561,0.0211545
20,562,0.021879
20,563,0
20,564,0.976085
20,565,0.2516232
20,566,0.0358804
20,567,0.0117759
20,568,0.3948288
20,569,0.6491337
20,570,0.0929518
21,1,0.1426331
21,2,0.0664101
21,3,0.0342244
21,4,0.0103424
21,5,0.5035129
21,6,0.9539554
21,7,0.0929065
21,8,0.022451
21,9,0.0022185
21,10,0.6350563
21,11,0.0424581
21,12,0.0019936
21,13,0.8942654
21,14,0.888452
21,15,0.0753045
21,16,0.1151916
21,17,0.672225
21,18,0.0282686
21,19,0.1040011
21,20,0.3953687
21,21,0.0075415
21,22,0.036713
21,23,0.0039598
21,24,0.0232816
21,25,0.4969619
21,26,0.3307479
21,27,0.0422028
21,28,0.9984756
21,29,0.9397855
21,30,0.989418
21,31,0.0125381
21,32,0.2451051
21,33,0.2026612
21,34,0.0304769
21,35,0.4717728
21,36,0.9977048
21,37,0.1314723
21,38,0.015246
21,39,0.9374532
21,40,0.0650359
21,41,0.0430118
21,42,0.00822
21,43,0.808578
21,44,0.026108
21,45,0.0095985
21,46,0.0617905
21,47,0.0059539
21,48,0.0443716
21,49,0.8470035
21,50,0.4374856
21,51,0.0092983
21,52,0.9648197
21,53,0.0165248
21,54,0.3723535
21,55,0.0077519
21,56,0.0073421
21,57,0.0885834
21,58,0.1586707
21,59,0.0081045
21,60,0.0843552
21,61,0.9928914
21,62,0.0301291
21,63,0.0030052
21,64,0.1989567
21,65,0.0077519
21,66,0.0100782
21,67,0.0141228
21,68,0.8767573
21,69,0.0183564
21,70,0.8899794
21,71,0.3671758
21,72,0.9637824
21,73,0.0054483
21,74,0.0383077
21,75,0.9747228
21,76,0.1405258
21,77,0.9641342
21,78,0.852345
21,79,0.0275451
21,80,0.9996097
21,81,0.0500688
21,82,0.0251371
21,83,0.1974951
21,84,0.9908244
21,85,0.0178993
21,86,0.2401259
21,87,0.1380335
21,88,0.7793073
21,89,0.8334374
21,90,0.0293606
21,91,0.2231165
21,92,0.0275424
21,93,0.0157349
21,94,0.058874
21,95,0.0341151
21,96,0.0056617
21,97,0.1641663
21,98,0.1335013
21,99,0.0073016
21,100,0.9895729
21,101,0.3998179
21,102,0.3026041
21,103,0.0247643
21,104,0.0043439
21,105,0.0958817
21,106,0.1921332
21,107,0.9813319
21,108,0.0180383
21,109,0.5785383
21,110,0.0027253
21,111,0.5817037
21,112,0.0531019
21,113,0.0164276
21,114,0.0763904
21,115,0.0039245
21,116,0.0496025
21,117,0.0146903
21,118,0.0093247
21,119,0.0887246
21,120,0.6055456
21,121,0.0158598
21,122,0.0301262
21,123,0.857999
21,124,0.8625262
21,125,0.0160678
21,126,0.0292099
21,127,0.8073235
21,128,0.004832
21,129,0.9799377
21,130,0.0059488
21,131,0.0257009
21,132,0.0126405
21,133,0.1373391
21,134,0.0150186
21,135,0.0209644
21,136,0.0190422
21,137,0.0031087
21,138,0
21,139,0.0099038
21,140,0.0360531
21,141,0.014759
21,142,0.005016
21,143,0.0115133
21,144,0.0035787
21,145,0.9910588
21,146,0.8849207
21,147,0.1744315
21,148,0.0503465
21,149,0.1926827
21,150,0.0912731
21,151,0.0243215
21,152,0.0073614
21,153,0.0122772
21,154,0.0098234
21,155,0.1248856
21,156,0.234411
21,157,0.0110255
21,158,0.290466
21,159,0.8011869
21,160,0.0082935
21,161,0.1719631
21,162,0.9630099
21,163,0.3894231
21,164,0.010024
21,165,0.0418149
21,166,0.0939708
21,167,0.9950095
21,168,0.0184013
21,169,0.1168075
21,170,0.005032
21,171,0.0107527
21,172,0.3175664
21,173,0.3651389
21,174,0.1432729
21,175,0.2049597
21,176,0.020358
21,177,0.3824179
21,178,0.3234117
21,179,0.0083584
21,180,0.0093983
21,181,0.0129123
21,182,0.0629413
21,183,0.8646281
21,184,0.6332974
21,185,0.0170535
21,186,0.3349097
21,187,0.1206735
21,188,0.261918
21,189,0.017005
21,190,0.0618644
21,191,0.046776
21,192,0.7944251
21,193,0.0015436
21,194,0.124132
21,195,0.4716951
21,196,0.8367482
21,197,0.1227672
21,198,0.0348343
21,199,0.0295803
21,200,0.5695562
21,201,0.0469555
21,202,0.9511774
21,203,0.0119949
21,204,0.8613874
21,205,0.0266193
21,206,0.0288899
21,207,0.667173
21,208,0.2132748
21,209,0.2213067
21,210,0.8769428
21,211,0.1619984
21,212,0.6861942
21,213,0.525976
21,214,0.8653743
21,215,0.9883721
21,216,0.8927109
21,217,0.9972644
22,1,0.3272009
22,2,0.0024587
22,3,0.0122492
22,4,0.069088
22,5,0.0053776
22,6,0.0098248
22,7,0.0201617
22,8,0.0025069
22,9,0.0193666
22,10,0.0047919
22,11,0.0104943
22,12,0.0081244
22,13,0.0104249
22,14,0.0174018
22,15,0.0142405
22,16,0.016162
22,17,0.0104323
22,18,0.4115442
23,1,0.3111265
23,2,0.8826307
23,3,0.2841754
23,4,0.2079704
23,5,0.2559634
23,6,0.8586209
23,7,0.7643799
23,8,0.2686873
23,9,0.5450266
23,10,0.4997827
24,1,0.0019598
24,2,0.0486982
24,3,0.7898179
24,4,0.0012303
24,5,0.0266075
24,6,0.0034003
24,7,0.0071965
24,8,0.0046035
24,9,0.015215
24,10,0.0111662
24,11,0.0113474
24,12,0.8384915
24,13,0.1368474
24,14,0.9278846
24,15,0.0048467
24,16,0.1426932
24,17,0.0038724
24,18,0.7342684
24,19,0.0223361
24,20,0.0058779
24,21,0.002728
24,22,0.0031731
24,23,0.1174161
24,24,0.0068266
24,25,0.001667
24,26,0.9634655
24,27,0.0039973
24,28,0.0173944
24,29,0.5426426
24,30,0.0059892
24,31,0.6729709
24,32,0.00143
24,33,0.0006552
24,34,0.307483
24,35,0.0075547
24,36,0.1465085
24,37,0.6839237
24,38,0.6387986
24,39,0.7938197
24,40,0.1960724
24,41,0.9111392
24,42,0.2109788
24,43,0.0026644
24,44,0.003408
24,45,0.0060748
24,46,0.0027952
24,47,0.0077551
24,48,0.0026784
24,49,0.0027431
24,50,0.0018224
24,51,0.0037761
24,52,0.0052747
24,53,0.7843007
24,54,0.5372825
24,55,0.0027062
24,56,0.003277
24,57,0.8363496
24,58,0.0088363
25,1,0.0369266
25,2,0.006122
25,3,0.0010999
25,4,0.0030563
25,5,0.0039283
25,6,0.0082517
25,7,0.0680655
25,8,0.1206365
25,9,0.057625
25,10,0.1233737
25,11,0.0249566
25,12,0.0088967
25,13,0.0212123
25,14,0.0101166
25,15,0.0059919
25,16,0.0115661
25,17,0.0191633
25,18,0.0789559
26,1,0.0010885
26,2,0.0146892
26,3,0.0953141
26,4,0.0104406
26,5,0.0042992
26,6,0.0007471
26,7,0.0120275
26,8,0.0055402
26,9,0.0074813
26,10,0.0014631
26,11,0.002574
26,12,0.1360777
26,13,0.0006203
26,14,0.0018116
26,15,0
26,16,0.0087904
26,17,0.024407
26,18,0.0206166
26,19,0.0100022
26,20,0.0119835
26,21,0.004817
26,22,0
26,23,0.0040923
26,24,0.0083682
26,25,0.0168218
26,26,0.3533125
26,27,0.0409647
26,28,0.0046992
26,29,0.1316452
26,30,0.0216031
26,31,0.0105605
26,32,0.0011236
26,33,0.2399906
26,34,0
26,35,0.0309085
26,36,0.0105837
26,37,0.0024252
26,38,0.0044292
26,39,0.0116883
26,40,0.0024765
26,41,0.020588
26,42,0.1249557
26,43,0.0301301
26,44,0.0128205
26,45,0.0041619
26,46,0
26,47,0.0387849
26,48,0.0411889
26,49,0.1049665
26,50,0.0020776
26,51,0.0043781
26,52,0.0019552
26,53,0
26,54,0.0089767
26,55,0.0167117
26,56,0.3869618
26,57,0
26,58,0.00597
26,59,0.0045249
26,60,0.0076579
26,61,0.0007042
26,62,0.0078809
26,63,0
26,64,0.0082435
26,65,0.0058676
26,66,0.0011489
26,67,0.0019698
26,68,0
26,69,0.1205921
26,70,0
26,71,0.102974
26,72,0.1733453
27,1,0.0310827
27,2,0.0114754
27,3,0.1158086
27,4,0.0454247
27,5,0.0066153
27,6,0.0091333
27,7,0.0223259
27,8,0.0154244
27,9,0.0115351
27,10,0.0328027
27,11,0.0436746
27,12,0.0754605
27,13,0.1754983
27,14,0.0081166
27,15,0.3886315
27,16,0.0288604
27,17,0.0979202
28,1,0.0057025
28,2,0.0144947
28,3,0.03713
28,4,0.0047465
28,5,0.00271
28,6,0.0019846
28,7,0.005583
28,8,0.0095717
28,9,0.0284212
28,10,0.002065
28,11,0.003919
28,12,0.0101241
28,13,0.0065553
28,14,0.0027033
28,15,0.0038966
28,16,0.0067108
28,17,0.0026151
28,18,0.009308
28,19,0.0090003
28,20,0.0048135
28,21,0.0069869
28,22,0.0207488
28,23,0.0014556
28,24,0.0011558
28,25,0.0153022
28,26,0.0016878
28,27,0.0160929
28,28,0.0298507
28,29,0.0079549
28,30,0.0045954
28,31,0
28,32,0.0233487
28,33,0.0197183
28,34,0.0030953
28,35,0.0078241
28,36,0
28,37,0.0182147
28,38,0.0202501
28,39,0.0090325
28,40,0.0041441
28,41,0.0083808
28,42,0.0043796
28,43,0.004718
29,1,0.0654164
29,2,0.0355576
29,3,0.0166742
29,4,0.0057649
29,5,0.0243437
29,6,0.008453
29,7,0.00394
29,8,0.0060638
29,9,0.0316768
29,10,0.0621902
29,11,0.0108998
29,12,0.0093447
29,13,0.0131342
29,14,0.0111835
29,15,0.0157865
29,16,0.1690678
29,17,0.2198881
29,18,0.3512653
29,19,0.0264008
29,20,0.010432
29,21,0.0062379
29,22,0.062616
29,23,0.013691
29,24,0.0373426
29,25,0.3486445
29,26,0.0853177
29,27,0.2431042
29,28,0.19758
29,29,0.0254835
29,30,0.0056965
29,31,0.0207279
29,32,0.0031311
29,33,0.0428612
29,34,0.011214
29,35,0.0066747
29,36,0.0438251
29,37,0.0228922
29,38,0.0234733
29,39,0.01347
29,40,0.0104258
29,41,0.0627058
29,42,0.0168024
29,43,0.0217777
29,44,0.0208265
29,45,0.0114276
29,46,0.0083315
29,47,0.0061231
29,48,0.0956393
29,49,0.0080804
29,50,0.3749771
29,51,0.0140696
29,52,0.036468
29,53,0.0331514
29,54,0.010502
29,55,0.0175663
29,56,0.0176251
29,57,0.005703
29,58,0.0313032
29,59,0.1238666
29,60,0.0426683
30,1,0.0023812
30,2,0.0095329
30,3,0.0577767
30,4,0.0024661
30,5,0.0065421
30,6,0.2846445
30,7,0.002023
30,8,0.0036314
30,9,0.0017979
30,10,0.036233
30,11,0.0110719
30,12,0.0017528
30,13,0.0596218
30,14,0.0406339
30,15,0.00504
30,16,0.0089896
30,17,0.003991
30,18,0.0337838
30,19,0.9949495
30,20,0.9965243
30,21,0.0160696
30,22,0.0183521
30,23,0.0114206
30,24,0.0143507
30,25,0.0118753
30,26,0.0110789
30,27,0.9628789
30,28,0.0159275
30,29,0.0450151
30,30,0.2541384
30,31,0.0066486
30,32,0.0175626
30,33,0.2807603
30,34,0.0438318
30,35,0.4068049
30,36,0.0064873
30,37,0.7122344
30,38,0.0093784
30,39,0.0599429
30,40,0.1567394
30,41,0.4727191
30,42,0.0036726
30,43,0.000705
30,44,0.0414296
30,45,0.0725497
30,46,0.0042806
30,47,0.0092683
30,48,0.1107645
30,49,0.00533
30,50,0.8352632
30,51,0.8271599
30,52,0.0428992
30,53,0.0209377
30,54,0.0048023
30,55,0.5700719
30,56,0.8554758
30,57,0.0101431
30,58,0.8772652
30,59,0.0452558
30,60,0.1523207
30,61,0.0835543
30,62,0.0123211
30,63,0.4310333
30,64,0.9969072
30,65,0.0133144
30,66,0.578342
30,67,0.9987478
30,68,0.0253597
30,69,0.0714776
30,70,0.0685148
30,71,0.0097571
30,72,0.0704969
30,73,0.310813
30,74,0.0360061
30,75,0.0164864
30,76,0.9445599
30,77,0.0475674
30,78,0.760209
30,79,0.0067296
30,80,0.0143447
30,81,0.3386086
30,82,0.0427215
30,83,0.8657541
30,84,0.0084629
30,85,0.1438618
30,86,0.009688
30,87,0.0196032
30,88,0.0107871
30,89,0.049587
30,90,0.0038729
30,91,0.1115493
30,92,0.0090057
30,93,0.0068937
30,94,0.0613189
30,95,0.0032043
30,96,0.0136897
30,97,0.0057125
30,98,0.9967138
30,99,0.0137599
30,100,0.005041
30,101,0.0210004
30,102,0.0304669
30,103,0.9937561
30,104,0.8662778
30,105,0.0129668
30,106,0.0021345
30,107,0.0126712
30,108,0.0577281
30,109,0.0089184
30,110,0.9992272
30,111,0.023766
30,112,0.0066923
30,113,0.2002632
30,114,0.0196945
30,115,0.1183919
30,116,0.0299222
30,117,0.0915487
30,118,0.0494425
30,119,0.0291075
30,120,0.1431389
30,121,0.0223714
30,122,0.7728261
30,123,0.0416911
30,124,0.4250917
30,125,0.0067733
30,126,0.0029648
30,127,0.0074405
30,128,0.008833
30,129,0.4194544
30,130,0.3902053
30,131,0.0669002
30,132,0.0029404
30,133,0.0512958
30,134,0.0044981
30,135,0.7276307
30,136,0.0080565
30,137,0.9891938
30,138,0.0255682
30,139,0.003579
30,140,0.8719617
30,141,0.0089423
30,142,0.0163872
30,143,0.0075001
30,144,0.3359922
30,145,0.0341013
30,146,0.0030088
30,147,0.9873757
30,148,0.0067339
30,149,0.9352582
30,150,0.179234
30,151,0.0321367
30,152,0.0279221
30,153,0.2168508
30,154,0.1348687
30,155,0.6464156
30,156,0.002601
30,157,0.22703
30,158,0.106013
30,159,0.999924
30,160,0.1944429
30,161,0.15571
30,162,0.0080875
30,163,0.0061669
30,164,0.0059466
30,165,0.0062968
30,166,0.0012412
30,167,0.3201004
30,168,0.9371421
30,169,0.04947
30,170,0.8451619
30,171,0.9617714
30,172,0.0759803
30,173,0.3542208
30,174,0.0315308
30,175,0.0845278
30,176,0.0054512
30,177,0.0063861
30,178,0.0014902
30,179,0.0005218
30,180,0.6683577
30,181,0.0074491
30,182,0.0121293
30,183,0.0417541
30,184,0.9910494
30,185,0.6430202
30,186,0.0075702
30,187,0.0024691
30,188,0.0030411
30,189,0.044924
30,190,0.0022883
30,191,0.0068999
30,192,0.0072503
30,193,0.0248392
30,194,0.0120748
30,195,0.4722732
30,196,0.0098346
30,197,0.0404691
30,198,0.0421184
30,199,0.7208033
30,200,0.0082034
30,201,0.9224545
30,202,0.8900137
30,203,0.9318742
30,204,0.0167599
30,205,0.0284937
30,206,0.0662472
30,207,0.14979
30,208,0.0074903
30,209,0.8261176
30,210,0.5211321
30,211,0.0254126
30,212,0.7138747
31,1,0.8566595
31,2,0.7094314
31,3,0.9282178
31,4,0.405438
31,5,0.7279781
31,6,0.5614943
31,7,0.5651993
31,8,0.8782565
31,9,0.5017467
31,10,0.9972211
31,11,0.1622001
31,12,0.6981472
31,13,0.328606
31,14,0.9847328
31,15,0.9168114
31,16,0.9953566
31,17,0.9958543
31,18,0.9575008
31,19,0.9941704
31,20,0.3191585
31,21,0.9943854
31,22,0.9995199
31,23,0.6405883
31,24,0.9873035
31,25,0.9783461
31,26,0.4950846
31,27,0.2034002
31,28,0.1213557
31,29,0.3003268
31,30,0.9106529
31,31,0.8719816
31,32,0.9178023
31,33,0.9041783
31,34,0.898177
31,35,0.6910977
31,36,0.8636245
31,37,0.8037562
31,38,0.5119014
31,39,0.3839921
31,40,0.6760942
31,41,0.4054321
31,42,0.764253
31,43,0.9842898
31,44,0.6706554
31,45,0.7761431
31,46,0.9728972
31,47,0.990243
31,48,0.7776206
31,49,0.9991892
31,50,0.2494232
31,51,0.3188316
31,52,0.5235338
31,53,0.8255777
31,54,0.7352837
31,55,0.981146
31,56,0.9078905
31,57,0.5798255
31,58,0.9209151
31,59,0.1532255
31,60,0.7757009
31,61,0.2944032
31,62,0.9389915
31,63,0.8321938
31,64,0.8921335
31,65,0.2123393
31,66,0.9873981
31,67,0.5364048
31,68,0.4912565
31,69,0.8758706
31,70,0.8282287
31,71,0.9391813
31,72,0.6191828
31,73,0.9988261
31,74,0.9228234
31,75,0.9899252
31,76,0.8072008
31,77,0.873471
31,78,0.6925515
31,79,0.8758011
31,80,0.8758796
31,81,0.9931592
31,82,0.3012959
31,83,0.2795275
31,84,0.5984743
31,85,0.9841966
31,86,0.9058107
31,87,0.7349727
31,88,0.9206681
31,89,0.7813302
31,90,0.9930725
31,91,0.9320047
31,92,0.9956686
31,93,0.366841
31,94,0.9925203
31,95,0.5907158
31,96,0.7140207
31,97,0.818569
31,98,0.8756764
31,99,0.9921104
31,100,0.5315046
31,101,0.4745119
31,102,0.7749928
31,103,0.912981
31,104,0.9588239
31,105,0.329688
31,106,0.4517288
32,1,0.0027933
32,2,0.0006332
32,3,0.0065925
32,4,0.0030075
32,5,0.0056853
32,6,0.0013106
32,7,0.0018541
32,8,0.002224
32,9,0.0037666
32,10,0.0035735
32,11,0.0052011
32,12,0.0018326
32,13,0.0237154
32,14,0.0020634
32,15,0
32,16,0.0009486
32,17,0.0064816
32,18,0.0002449
32,19,0.0056448
32,20,0.0045497
32,21,0.0002339
32,22,0.0023388
32,23,0.0023759
32,24,0.0035366
32,25,0.0009028
32,26,0.0011457
32,27,0.0003404
32,28,0.0016103
32,29,0.0028539
32,30,0.000416
32,31,0.008106
32,32,0.0065566
32,33,0.0030403
32,34,0.0007568
32,35,0.0013046
32,36,0.0025534
32,37,0.01054
32,38,0.0025153
32,39,0.0020977
32,40,0.001975
32,41,0.0004073
32,42,0.0032835
32,43,0
32,44,0.0030354
32,45,0.0075663
32,46,0.0018385
32,47,0.0039048
32,48,0.0316007
32,49,0.0243513
32,50,0.0004083
32,51,0.0051061
32,52,0.0022939
32,53,0.0001527
32,54,0.0018794
32,55,0.0020503
32,56,0.0075677
32,57,0.0032968
32,58,0.0045181
